frame_index,event_type,count,mask_occupancy,count_delta
0,EMPTY_SCENE,0,0.0,0
1,EMPTY_SCENE,0,0.0,0
2,EMPTY_SCENE,0,0.0,0
3,EMPTY_SCENE,0,0.0,0
4,EMPTY_SCENE,0,0.0,0
5,EMPTY_SCENE,0,0.0,0
6,EMPTY_SCENE,0,0.0,0
7,EMPTY_SCENE,0,0.0,0
8,EMPTY_SCENE,0,0.0,0
9,EMPTY_SCENE,0,0.0,0
10,EMPTY_SCENE,0,0.0,0
11,EMPTY_SCENE,0,0.0,0
12,EMPTY_SCENE,0,0.0,0
13,EMPTY_SCENE,0,0.0,0
44,HIGH_OCCUPANCY,5,0.18046006944444393,0
67,HIGH_OCCUPANCY,7,0.20211371527777758,1
68,SUDDEN_COUNT_DECREASE,3,0.1242187499999999,-4
69,HIGH_OCCUPANCY,6,0.20310980902777834,3
72,HIGH_OCCUPANCY,5,0.21253906249999954,1
74,HIGH_OCCUPANCY,5,0.1823719618055556,0
75,HIGH_OCCUPANCY,5,0.19137586805555556,0
76,HIGH_OCCUPANCY,6,0.22244140624999975,1
77,HIGH_OCCUPANCY,8,0.314954427083333,2
78,HIGH_DENSITY,9,0.22498263888888897,1
78,HIGH_OCCUPANCY,9,0.22498263888888897,1
79,HIGH_OCCUPANCY,7,0.1831575520833329,-2
80,HIGH_OCCUPANCY,6,0.19225043402777783,-1
82,HIGH_OCCUPANCY,8,0.2325173611111111,4
82,SUDDEN_COUNT_INCREASE,8,0.2325173611111111,4
84,HIGH_OCCUPANCY,8,0.23898220486111138,2
85,HIGH_OCCUPANCY,7,0.20645833333333335,-1
86,HIGH_OCCUPANCY,8,0.2249370659722215,1
90,HIGH_OCCUPANCY,7,0.20975260416666675,0
91,HIGH_OCCUPANCY,8,0.23341579861111145,1
93,HIGH_DENSITY,9,0.23931857638888887,3
93,HIGH_OCCUPANCY,9,0.23931857638888887,3
94,HIGH_OCCUPANCY,7,0.18226345486111098,-2
177,SUDDEN_COUNT_DECREASE,3,0.09572265624999965,-4
178,SUDDEN_COUNT_INCREASE,8,0.14552083333333354,5
181,HIGH_DENSITY,9,0.16220486111111115,2
192,HIGH_OCCUPANCY,8,0.18570095486111107,0
200,HIGH_OCCUPANCY,8,0.2555772569444449,2
201,HIGH_OCCUPANCY,8,0.2520464409722225,0
202,HIGH_OCCUPANCY,8,0.21245225694444395,0
203,HIGH_OCCUPANCY,8,0.21558593749999994,0
204,HIGH_DENSITY,9,0.23918402777777803,1
204,HIGH_OCCUPANCY,9,0.23918402777777803,1
205,HIGH_OCCUPANCY,8,0.21999999999999986,-1
206,HIGH_OCCUPANCY,8,0.2422591145833332,0
207,HIGH_OCCUPANCY,6,0.18961154513888906,-2
208,HIGH_OCCUPANCY,8,0.24397569444444492,2
210,HIGH_OCCUPANCY,7,0.23524088541666635,0
211,HIGH_OCCUPANCY,7,0.23616102430555536,0
212,HIGH_OCCUPANCY,6,0.19319878472222224,-1
213,HIGH_OCCUPANCY,8,0.21178602430555554,2
214,HIGH_OCCUPANCY,7,0.21663845486111044,-1
215,HIGH_OCCUPANCY,7,0.20085503472222233,0
216,HIGH_OCCUPANCY,7,0.19284288194444538,0
217,HIGH_OCCUPANCY,7,0.21092013888888883,0
218,HIGH_DENSITY,10,0.2402864583333334,3
218,HIGH_OCCUPANCY,10,0.2402864583333334,3
219,HIGH_DENSITY,9,0.21370008680555536,-1
219,HIGH_OCCUPANCY,9,0.21370008680555536,-1
220,HIGH_DENSITY,11,0.24538194444444453,2
220,HIGH_OCCUPANCY,11,0.24538194444444453,2
221,HIGH_OCCUPANCY,8,0.21138454861111153,-3
222,HIGH_OCCUPANCY,8,0.23504991319444524,0
223,HIGH_DENSITY,9,0.23476128472222302,1
223,HIGH_OCCUPANCY,9,0.23476128472222302,1
224,HIGH_DENSITY,9,0.27066189236111043,0
224,HIGH_OCCUPANCY,9,0.27066189236111043,0
225,HIGH_OCCUPANCY,7,0.2211414930555557,-2
226,HIGH_OCCUPANCY,8,0.23854166666666748,1
227,HIGH_OCCUPANCY,7,0.21416883680555562,-1
228,HIGH_DENSITY,9,0.21179904513888814,2
228,HIGH_OCCUPANCY,9,0.21179904513888814,2
229,HIGH_OCCUPANCY,8,0.2117990451388886,-1
231,HIGH_OCCUPANCY,8,0.2156987847222229,2
232,HIGH_OCCUPANCY,6,0.19291449652777737,-2
233,HIGH_DENSITY,9,0.22451388888888837,3
233,HIGH_OCCUPANCY,9,0.22451388888888837,3
237,HIGH_OCCUPANCY,7,0.25734375,1
238,HIGH_DENSITY,9,0.2739908854166666,2
238,HIGH_OCCUPANCY,9,0.2739908854166666,2
239,HIGH_OCCUPANCY,7,0.23612847222222286,-2
240,HIGH_OCCUPANCY,8,0.2107769097222216,1
241,HIGH_OCCUPANCY,8,0.2875043402777773,0
242,HIGH_OCCUPANCY,7,0.18451388888888878,-1
243,HIGH_OCCUPANCY,7,0.1893967013888886,0
245,HIGH_DENSITY,9,0.2471853298611108,2
245,HIGH_OCCUPANCY,9,0.2471853298611108,2
246,HIGH_OCCUPANCY,8,0.20122612847222293,-1
248,HIGH_OCCUPANCY,7,0.20085503472222227,0
250,HIGH_OCCUPANCY,7,0.19956380208333374,1
252,HIGH_OCCUPANCY,7,0.18779079861111092,1
253,HIGH_OCCUPANCY,7,0.18397352430555544,0
254,HIGH_OCCUPANCY,7,0.22494574652777788,0
257,HIGH_OCCUPANCY,6,0.19354817708333308,1
261,HIGH_OCCUPANCY,5,0.19270616319444506,0
263,HIGH_OCCUPANCY,6,0.1870638020833337,1
264,HIGH_OCCUPANCY,7,0.23591579861111125,1
268,HIGH_OCCUPANCY,8,0.2154709201388893,2
303,EMPTY_SCENE,0,0.0,-1
304,EMPTY_SCENE,0,0.0,0
305,EMPTY_SCENE,0,0.0,0
307,EMPTY_SCENE,0,0.0,-1
308,EMPTY_SCENE,0,0.0,0
309,EMPTY_SCENE,0,0.0,0
310,EMPTY_SCENE,0,0.0,0
311,EMPTY_SCENE,0,0.0,0
312,EMPTY_SCENE,0,0.0,0
313,EMPTY_SCENE,0,0.0,0
314,EMPTY_SCENE,0,0.0,0
315,EMPTY_SCENE,0,0.0,0
316,EMPTY_SCENE,0,0.0,0
317,EMPTY_SCENE,0,0.0,0
318,EMPTY_SCENE,0,0.0,0
319,EMPTY_SCENE,0,0.0,0
320,EMPTY_SCENE,0,0.0,0
321,EMPTY_SCENE,0,0.0,0
322,EMPTY_SCENE,0,0.0,0
323,EMPTY_SCENE,0,0.0,0
324,EMPTY_SCENE,0,0.0,0
325,EMPTY_SCENE,0,0.0,0
326,EMPTY_SCENE,0,0.0,0
327,EMPTY_SCENE,0,0.0,0
328,EMPTY_SCENE,0,0.0,0
329,EMPTY_SCENE,0,0.0,0
330,EMPTY_SCENE,0,0.0,0
331,EMPTY_SCENE,0,0.0,0
332,EMPTY_SCENE,0,0.0,0
333,EMPTY_SCENE,0,0.0,0
334,EMPTY_SCENE,0,0.0,0
335,EMPTY_SCENE,0,0.0,0
336,EMPTY_SCENE,0,0.0,0
337,EMPTY_SCENE,0,0.0,0
338,EMPTY_SCENE,0,0.0,0
339,EMPTY_SCENE,0,0.0,0
340,EMPTY_SCENE,0,0.0,0
341,EMPTY_SCENE,0,0.0,0
342,EMPTY_SCENE,0,0.0,0
343,EMPTY_SCENE,0,0.0,0
344,EMPTY_SCENE,0,0.0,0
345,EMPTY_SCENE,0,0.0,0
346,EMPTY_SCENE,0,0.0,0
347,EMPTY_SCENE,0,0.0,0
348,EMPTY_SCENE,0,0.0,0
349,EMPTY_SCENE,0,0.0,0
350,EMPTY_SCENE,0,0.0,0
351,EMPTY_SCENE,0,0.0,0
352,EMPTY_SCENE,0,0.0,0
353,EMPTY_SCENE,0,0.0,0
354,EMPTY_SCENE,0,0.0,0
355,EMPTY_SCENE,0,0.0,0
356,EMPTY_SCENE,0,0.0,0
357,EMPTY_SCENE,0,0.0,0
358,EMPTY_SCENE,0,0.0,0
359,EMPTY_SCENE,0,0.0,0
360,EMPTY_SCENE,0,0.0,0
361,EMPTY_SCENE,0,0.0,0
362,EMPTY_SCENE,0,0.0,0
363,EMPTY_SCENE,0,0.0,0
364,EMPTY_SCENE,0,0.0,0
365,EMPTY_SCENE,0,0.0,0
366,EMPTY_SCENE,0,0.0,0
367,EMPTY_SCENE,0,0.0,0
368,EMPTY_SCENE,0,0.0,0
369,EMPTY_SCENE,0,0.0,0
370,EMPTY_SCENE,0,0.0,0
371,EMPTY_SCENE,0,0.0,0
372,EMPTY_SCENE,0,0.0,0
373,EMPTY_SCENE,0,0.0,0
374,EMPTY_SCENE,0,0.0,0
375,EMPTY_SCENE,0,0.0,0
376,EMPTY_SCENE,0,0.0,0
377,EMPTY_SCENE,0,0.0,0
378,EMPTY_SCENE,0,0.0,0
379,EMPTY_SCENE,0,0.0,0
380,EMPTY_SCENE,0,0.0,0
381,EMPTY_SCENE,0,0.0,0
382,EMPTY_SCENE,0,0.0,0
383,EMPTY_SCENE,0,0.0,0
384,EMPTY_SCENE,0,0.0,0
385,EMPTY_SCENE,0,0.0,0
386,EMPTY_SCENE,0,0.0,0
387,EMPTY_SCENE,0,0.0,0
388,EMPTY_SCENE,0,0.0,0
389,EMPTY_SCENE,0,0.0,0
390,EMPTY_SCENE,0,0.0,0
391,EMPTY_SCENE,0,0.0,0
392,EMPTY_SCENE,0,0.0,0
393,EMPTY_SCENE,0,0.0,0
394,EMPTY_SCENE,0,0.0,0
395,EMPTY_SCENE,0,0.0,0
396,EMPTY_SCENE,0,0.0,0
397,EMPTY_SCENE,0,0.0,0
398,EMPTY_SCENE,0,0.0,0
399,EMPTY_SCENE,0,0.0,0
400,EMPTY_SCENE,0,0.0,0
401,EMPTY_SCENE,0,0.0,0
402,EMPTY_SCENE,0,0.0,0
403,EMPTY_SCENE,0,0.0,0
404,EMPTY_SCENE,0,0.0,0
405,EMPTY_SCENE,0,0.0,0
406,EMPTY_SCENE,0,0.0,0
407,EMPTY_SCENE,0,0.0,0
408,EMPTY_SCENE,0,0.0,0
409,EMPTY_SCENE,0,0.0,0
410,EMPTY_SCENE,0,0.0,0
411,EMPTY_SCENE,0,0.0,0
412,EMPTY_SCENE,0,0.0,0
413,EMPTY_SCENE,0,0.0,0
414,EMPTY_SCENE,0,0.0,0
415,EMPTY_SCENE,0,0.0,0
416,EMPTY_SCENE,0,0.0,0
417,EMPTY_SCENE,0,0.0,0
418,EMPTY_SCENE,0,0.0,0
419,EMPTY_SCENE,0,0.0,0
420,EMPTY_SCENE,0,0.0,0
421,EMPTY_SCENE,0,0.0,0
422,EMPTY_SCENE,0,0.0,0
423,EMPTY_SCENE,0,0.0,0
424,EMPTY_SCENE,0,0.0,0
425,EMPTY_SCENE,0,0.0,0
426,EMPTY_SCENE,0,0.0,0
427,EMPTY_SCENE,0,0.0,0
428,EMPTY_SCENE,0,0.0,0
429,EMPTY_SCENE,0,0.0,0
430,EMPTY_SCENE,0,0.0,0
431,EMPTY_SCENE,0,0.0,0
432,EMPTY_SCENE,0,0.0,0
433,EMPTY_SCENE,0,0.0,0
434,EMPTY_SCENE,0,0.0,0
435,EMPTY_SCENE,0,0.0,0
436,EMPTY_SCENE,0,0.0,0
437,EMPTY_SCENE,0,0.0,0
438,EMPTY_SCENE,0,0.0,0
439,EMPTY_SCENE,0,0.0,0
440,EMPTY_SCENE,0,0.0,0
441,EMPTY_SCENE,0,0.0,0
442,EMPTY_SCENE,0,0.0,0
443,EMPTY_SCENE,0,0.0,0
444,EMPTY_SCENE,0,0.0,0
445,EMPTY_SCENE,0,0.0,0
446,EMPTY_SCENE,0,0.0,0
447,EMPTY_SCENE,0,0.0,0
448,EMPTY_SCENE,0,0.0,0
449,EMPTY_SCENE,0,0.0,0
450,EMPTY_SCENE,0,0.0,0
451,EMPTY_SCENE,0,0.0,0
452,EMPTY_SCENE,0,0.0,0
453,EMPTY_SCENE,0,0.0,0
454,EMPTY_SCENE,0,0.0,0
455,EMPTY_SCENE,0,0.0,0
456,EMPTY_SCENE,0,0.0,0
457,EMPTY_SCENE,0,0.0,0
458,EMPTY_SCENE,0,0.0,0
459,EMPTY_SCENE,0,0.0,0
460,EMPTY_SCENE,0,0.0,0
461,EMPTY_SCENE,0,0.0,0
462,EMPTY_SCENE,0,0.0,0
463,EMPTY_SCENE,0,0.0,0
464,EMPTY_SCENE,0,0.0,0
465,EMPTY_SCENE,0,0.0,0
466,EMPTY_SCENE,0,0.0,0
467,EMPTY_SCENE,0,0.0,0
468,EMPTY_SCENE,0,0.0,0
469,EMPTY_SCENE,0,0.0,0
470,EMPTY_SCENE,0,0.0,0
471,EMPTY_SCENE,0,0.0,0
472,EMPTY_SCENE,0,0.0,0
473,EMPTY_SCENE,0,0.0,0
474,EMPTY_SCENE,0,0.0,0
475,EMPTY_SCENE,0,0.0,0
476,EMPTY_SCENE,0,0.0,0
477,EMPTY_SCENE,0,0.0,0
478,EMPTY_SCENE,0,0.0,0
479,EMPTY_SCENE,0,0.0,0
480,EMPTY_SCENE,0,0.0,0
481,EMPTY_SCENE,0,0.0,0
482,EMPTY_SCENE,0,0.0,0
483,EMPTY_SCENE,0,0.0,0
484,EMPTY_SCENE,0,0.0,0
485,EMPTY_SCENE,0,0.0,0
486,EMPTY_SCENE,0,0.0,0
487,EMPTY_SCENE,0,0.0,0
488,EMPTY_SCENE,0,0.0,0
489,EMPTY_SCENE,0,0.0,0
490,EMPTY_SCENE,0,0.0,0
491,EMPTY_SCENE,0,0.0,0
492,EMPTY_SCENE,0,0.0,0
493,EMPTY_SCENE,0,0.0,0
494,EMPTY_SCENE,0,0.0,0
495,EMPTY_SCENE,0,0.0,0
496,EMPTY_SCENE,0,0.0,0
497,EMPTY_SCENE,0,0.0,0
498,EMPTY_SCENE,0,0.0,0
499,EMPTY_SCENE,0,0.0,0
500,EMPTY_SCENE,0,0.0,0
501,EMPTY_SCENE,0,0.0,0
502,EMPTY_SCENE,0,0.0,0
503,EMPTY_SCENE,0,0.0,0
504,EMPTY_SCENE,0,0.0,0
505,EMPTY_SCENE,0,0.0,0
506,EMPTY_SCENE,0,0.0,0
507,EMPTY_SCENE,0,0.0,0
508,EMPTY_SCENE,0,0.0,0
509,EMPTY_SCENE,0,0.0,0
510,EMPTY_SCENE,0,0.0,0
511,EMPTY_SCENE,0,0.0,0
512,EMPTY_SCENE,0,0.0,0
513,EMPTY_SCENE,0,0.0,0
514,EMPTY_SCENE,0,0.0,0
515,EMPTY_SCENE,0,0.0,0
516,EMPTY_SCENE,0,0.0,0
517,EMPTY_SCENE,0,0.0,0
518,EMPTY_SCENE,0,0.0,0
519,EMPTY_SCENE,0,0.0,0
520,EMPTY_SCENE,0,0.0,0
521,EMPTY_SCENE,0,0.0,0
522,EMPTY_SCENE,0,0.0,0
523,EMPTY_SCENE,0,0.0,0
524,EMPTY_SCENE,0,0.0,0
525,EMPTY_SCENE,0,0.0,0
526,EMPTY_SCENE,0,0.0,0
527,EMPTY_SCENE,0,0.0,0
528,EMPTY_SCENE,0,0.0,0
529,EMPTY_SCENE,0,0.0,0
530,EMPTY_SCENE,0,0.0,0
531,EMPTY_SCENE,0,0.0,0
532,EMPTY_SCENE,0,0.0,0
533,EMPTY_SCENE,0,0.0,0
534,EMPTY_SCENE,0,0.0,0
535,EMPTY_SCENE,0,0.0,0
536,EMPTY_SCENE,0,0.0,0
537,EMPTY_SCENE,0,0.0,0
538,EMPTY_SCENE,0,0.0,0
539,EMPTY_SCENE,0,0.0,0
540,EMPTY_SCENE,0,0.0,0
541,EMPTY_SCENE,0,0.0,0
542,EMPTY_SCENE,0,0.0,0
543,EMPTY_SCENE,0,0.0,0
544,EMPTY_SCENE,0,0.0,0
545,EMPTY_SCENE,0,0.0,0
546,EMPTY_SCENE,0,0.0,0
547,EMPTY_SCENE,0,0.0,0
548,EMPTY_SCENE,0,0.0,0
549,EMPTY_SCENE,0,0.0,0
550,EMPTY_SCENE,0,0.0,0
551,EMPTY_SCENE,0,0.0,0
552,EMPTY_SCENE,0,0.0,0
553,EMPTY_SCENE,0,0.0,0
554,EMPTY_SCENE,0,0.0,0
555,EMPTY_SCENE,0,0.0,0
556,EMPTY_SCENE,0,0.0,0
557,EMPTY_SCENE,0,0.0,0
558,EMPTY_SCENE,0,0.0,0
559,EMPTY_SCENE,0,0.0,0
560,EMPTY_SCENE,0,0.0,0
561,EMPTY_SCENE,0,0.0,0
562,EMPTY_SCENE,0,0.0,0
563,EMPTY_SCENE,0,0.0,0
564,EMPTY_SCENE,0,0.0,0
565,EMPTY_SCENE,0,0.0,0
566,EMPTY_SCENE,0,0.0,0
567,EMPTY_SCENE,0,0.0,0
568,EMPTY_SCENE,0,0.0,0
569,EMPTY_SCENE,0,0.0,0
570,EMPTY_SCENE,0,0.0,0
571,EMPTY_SCENE,0,0.0,0
572,EMPTY_SCENE,0,0.0,0
573,EMPTY_SCENE,0,0.0,0
574,EMPTY_SCENE,0,0.0,0
575,EMPTY_SCENE,0,0.0,0
576,EMPTY_SCENE,0,0.0,0
577,EMPTY_SCENE,0,0.0,0
578,EMPTY_SCENE,0,0.0,0
579,EMPTY_SCENE,0,0.0,0
580,EMPTY_SCENE,0,0.0,0
581,EMPTY_SCENE,0,0.0,0
582,EMPTY_SCENE,0,0.0,0
583,EMPTY_SCENE,0,0.0,0
584,EMPTY_SCENE,0,0.0,0
585,EMPTY_SCENE,0,0.0,0
586,EMPTY_SCENE,0,0.0,0
587,EMPTY_SCENE,0,0.0,0
588,EMPTY_SCENE,0,0.0,0
589,EMPTY_SCENE,0,0.0,0
590,EMPTY_SCENE,0,0.0,0
591,EMPTY_SCENE,0,0.0,0
592,EMPTY_SCENE,0,0.0,0
593,EMPTY_SCENE,0,0.0,0
594,EMPTY_SCENE,0,0.0,0
595,EMPTY_SCENE,0,0.0,0
596,EMPTY_SCENE,0,0.0,0
597,EMPTY_SCENE,0,0.0,0
598,EMPTY_SCENE,0,0.0,0
599,EMPTY_SCENE,0,0.0,0
600,EMPTY_SCENE,0,0.0,0
601,EMPTY_SCENE,0,0.0,0
602,EMPTY_SCENE,0,0.0,0
603,EMPTY_SCENE,0,0.0,0
604,EMPTY_SCENE,0,0.0,0
605,EMPTY_SCENE,0,0.0,0
606,EMPTY_SCENE,0,0.0,0
607,EMPTY_SCENE,0,0.0,0
608,EMPTY_SCENE,0,0.0,0
609,EMPTY_SCENE,0,0.0,0
610,EMPTY_SCENE,0,0.0,0
611,EMPTY_SCENE,0,0.0,0
612,EMPTY_SCENE,0,0.0,0
613,EMPTY_SCENE,0,0.0,0
614,EMPTY_SCENE,0,0.0,0
615,EMPTY_SCENE,0,0.0,0
616,EMPTY_SCENE,0,0.0,0
617,EMPTY_SCENE,0,0.0,0
618,EMPTY_SCENE,0,0.0,0
619,EMPTY_SCENE,0,0.0,0
620,EMPTY_SCENE,0,0.0,0
621,EMPTY_SCENE,0,0.0,0
622,EMPTY_SCENE,0,0.0,0
623,EMPTY_SCENE,0,0.0,0
624,EMPTY_SCENE,0,0.0,0
625,EMPTY_SCENE,0,0.0,0
626,EMPTY_SCENE,0,0.0,0
627,EMPTY_SCENE,0,0.0,0
628,EMPTY_SCENE,0,0.0,0
629,EMPTY_SCENE,0,0.0,0
630,EMPTY_SCENE,0,0.0,0
631,EMPTY_SCENE,0,0.0,0
632,EMPTY_SCENE,0,0.0,0
633,EMPTY_SCENE,0,0.0,0
634,EMPTY_SCENE,0,0.0,0
635,EMPTY_SCENE,0,0.0,0
636,EMPTY_SCENE,0,0.0,0
637,EMPTY_SCENE,0,0.0,0
638,EMPTY_SCENE,0,0.0,0
639,EMPTY_SCENE,0,0.0,0
640,EMPTY_SCENE,0,0.0,0
641,EMPTY_SCENE,0,0.0,0
642,EMPTY_SCENE,0,0.0,0
643,EMPTY_SCENE,0,0.0,0
644,EMPTY_SCENE,0,0.0,0
645,EMPTY_SCENE,0,0.0,0
646,EMPTY_SCENE,0,0.0,0
647,EMPTY_SCENE,0,0.0,0
648,EMPTY_SCENE,0,0.0,0
649,EMPTY_SCENE,0,0.0,0
650,EMPTY_SCENE,0,0.0,0
651,EMPTY_SCENE,0,0.0,0
652,EMPTY_SCENE,0,0.0,0
653,EMPTY_SCENE,0,0.0,0
654,EMPTY_SCENE,0,0.0,0
655,EMPTY_SCENE,0,0.0,0
656,EMPTY_SCENE,0,0.0,0
657,EMPTY_SCENE,0,0.0,0
658,EMPTY_SCENE,0,0.0,0
659,EMPTY_SCENE,0,0.0,0
660,EMPTY_SCENE,0,0.0,0
661,EMPTY_SCENE,0,0.0,0
662,EMPTY_SCENE,0,0.0,0
663,EMPTY_SCENE,0,0.0,0
664,EMPTY_SCENE,0,0.0,0
665,EMPTY_SCENE,0,0.0,0
666,EMPTY_SCENE,0,0.0,0
667,EMPTY_SCENE,0,0.0,0
668,EMPTY_SCENE,0,0.0,0
669,EMPTY_SCENE,0,0.0,0
670,EMPTY_SCENE,0,0.0,0
671,EMPTY_SCENE,0,0.0,0
672,EMPTY_SCENE,0,0.0,0
673,EMPTY_SCENE,0,0.0,0
674,EMPTY_SCENE,0,0.0,0
675,EMPTY_SCENE,0,0.0,0
676,EMPTY_SCENE,0,0.0,0
677,EMPTY_SCENE,0,0.0,0
678,EMPTY_SCENE,0,0.0,0
679,EMPTY_SCENE,0,0.0,0
680,EMPTY_SCENE,0,0.0,0
681,EMPTY_SCENE,0,0.0,0
682,EMPTY_SCENE,0,0.0,0
683,EMPTY_SCENE,0,0.0,0
684,EMPTY_SCENE,0,0.0,0
685,EMPTY_SCENE,0,0.0,0
686,EMPTY_SCENE,0,0.0,0
687,EMPTY_SCENE,0,0.0,0
688,EMPTY_SCENE,0,0.0,0
689,EMPTY_SCENE,0,0.0,0
690,EMPTY_SCENE,0,0.0,0
691,EMPTY_SCENE,0,0.0,0
692,EMPTY_SCENE,0,0.0,0
693,EMPTY_SCENE,0,0.0,0
694,EMPTY_SCENE,0,0.0,0
695,EMPTY_SCENE,0,0.0,0
696,EMPTY_SCENE,0,0.0,0
697,EMPTY_SCENE,0,0.0,0
698,EMPTY_SCENE,0,0.0,0
699,EMPTY_SCENE,0,0.0,0
700,EMPTY_SCENE,0,0.0,0
701,EMPTY_SCENE,0,0.0,0
702,EMPTY_SCENE,0,0.0,0
703,EMPTY_SCENE,0,0.0,0
704,EMPTY_SCENE,0,0.0,0
705,EMPTY_SCENE,0,0.0,0
706,EMPTY_SCENE,0,0.0,0
707,EMPTY_SCENE,0,0.0,0
708,EMPTY_SCENE,0,0.0,0
709,EMPTY_SCENE,0,0.0,0
710,EMPTY_SCENE,0,0.0,0
711,EMPTY_SCENE,0,0.0,0
712,EMPTY_SCENE,0,0.0,0
713,EMPTY_SCENE,0,0.0,0
714,EMPTY_SCENE,0,0.0,0
715,EMPTY_SCENE,0,0.0,0
716,EMPTY_SCENE,0,0.0,0
717,EMPTY_SCENE,0,0.0,0
718,EMPTY_SCENE,0,0.0,0
719,EMPTY_SCENE,0,0.0,0
720,EMPTY_SCENE,0,0.0,0
721,EMPTY_SCENE,0,0.0,0
722,EMPTY_SCENE,0,0.0,0
723,EMPTY_SCENE,0,0.0,0
724,EMPTY_SCENE,0,0.0,0
725,EMPTY_SCENE,0,0.0,0
726,EMPTY_SCENE,0,0.0,0
727,EMPTY_SCENE,0,0.0,0
728,EMPTY_SCENE,0,0.0,0
729,EMPTY_SCENE,0,0.0,0
730,EMPTY_SCENE,0,0.0,0
731,EMPTY_SCENE,0,0.0,0
732,EMPTY_SCENE,0,0.0,0
733,EMPTY_SCENE,0,0.0,0
734,EMPTY_SCENE,0,0.0,0
735,EMPTY_SCENE,0,0.0,0
736,EMPTY_SCENE,0,0.0,0
737,EMPTY_SCENE,0,0.0,0
738,EMPTY_SCENE,0,0.0,0
739,EMPTY_SCENE,0,0.0,0
740,EMPTY_SCENE,0,0.0,0
741,EMPTY_SCENE,0,0.0,0
742,EMPTY_SCENE,0,0.0,0
743,EMPTY_SCENE,0,0.0,0
744,EMPTY_SCENE,0,0.0,0
745,EMPTY_SCENE,0,0.0,0
746,EMPTY_SCENE,0,0.0,0
747,EMPTY_SCENE,0,0.0,0
748,EMPTY_SCENE,0,0.0,0
749,EMPTY_SCENE,0,0.0,0
750,EMPTY_SCENE,0,0.0,0
751,EMPTY_SCENE,0,0.0,0
752,EMPTY_SCENE,0,0.0,0
753,EMPTY_SCENE,0,0.0,0
754,EMPTY_SCENE,0,0.0,0
755,EMPTY_SCENE,0,0.0,0
756,EMPTY_SCENE,0,0.0,0
757,EMPTY_SCENE,0,0.0,0
758,EMPTY_SCENE,0,0.0,0
759,EMPTY_SCENE,0,0.0,0
760,EMPTY_SCENE,0,0.0,0
761,EMPTY_SCENE,0,0.0,0
762,EMPTY_SCENE,0,0.0,0
763,EMPTY_SCENE,0,0.0,0
764,EMPTY_SCENE,0,0.0,0
765,EMPTY_SCENE,0,0.0,0
766,EMPTY_SCENE,0,0.0,0
767,EMPTY_SCENE,0,0.0,0
768,EMPTY_SCENE,0,0.0,0
769,EMPTY_SCENE,0,0.0,0
770,EMPTY_SCENE,0,0.0,0
771,EMPTY_SCENE,0,0.0,0
772,EMPTY_SCENE,0,0.0,0
773,EMPTY_SCENE,0,0.0,0
774,EMPTY_SCENE,0,0.0,0
775,EMPTY_SCENE,0,0.0,0
776,EMPTY_SCENE,0,0.0,0
777,EMPTY_SCENE,0,0.0,0
778,EMPTY_SCENE,0,0.0,0
779,EMPTY_SCENE,0,0.0,0
780,EMPTY_SCENE,0,0.0,0
781,EMPTY_SCENE,0,0.0,0
782,EMPTY_SCENE,0,0.0,0
783,EMPTY_SCENE,0,0.0,0
784,EMPTY_SCENE,0,0.0,0
785,EMPTY_SCENE,0,0.0,0
786,EMPTY_SCENE,0,0.0,0
787,EMPTY_SCENE,0,0.0,0
788,EMPTY_SCENE,0,0.0,0
789,EMPTY_SCENE,0,0.0,0
790,EMPTY_SCENE,0,0.0,0
791,EMPTY_SCENE,0,0.0,0
792,EMPTY_SCENE,0,0.0,0
793,EMPTY_SCENE,0,0.0,0
794,EMPTY_SCENE,0,0.0,0
795,EMPTY_SCENE,0,0.0,0
796,EMPTY_SCENE,0,0.0,0
797,EMPTY_SCENE,0,0.0,0
798,EMPTY_SCENE,0,0.0,0
799,EMPTY_SCENE,0,0.0,0
800,EMPTY_SCENE,0,0.0,0
801,EMPTY_SCENE,0,0.0,0
802,EMPTY_SCENE,0,0.0,0
803,EMPTY_SCENE,0,0.0,0
804,EMPTY_SCENE,0,0.0,0
805,EMPTY_SCENE,0,0.0,0
806,EMPTY_SCENE,0,0.0,0
807,EMPTY_SCENE,0,0.0,0
808,EMPTY_SCENE,0,0.0,0
809,EMPTY_SCENE,0,0.0,0
810,EMPTY_SCENE,0,0.0,0
811,EMPTY_SCENE,0,0.0,0
812,EMPTY_SCENE,0,0.0,0
813,EMPTY_SCENE,0,0.0,0
814,EMPTY_SCENE,0,0.0,0
815,EMPTY_SCENE,0,0.0,0
816,EMPTY_SCENE,0,0.0,0
817,EMPTY_SCENE,0,0.0,0
818,EMPTY_SCENE,0,0.0,0
819,EMPTY_SCENE,0,0.0,0
820,EMPTY_SCENE,0,0.0,0
821,EMPTY_SCENE,0,0.0,0
822,EMPTY_SCENE,0,0.0,0
823,EMPTY_SCENE,0,0.0,0
824,EMPTY_SCENE,0,0.0,0
825,EMPTY_SCENE,0,0.0,0
826,EMPTY_SCENE,0,0.0,0
827,EMPTY_SCENE,0,0.0,0
828,EMPTY_SCENE,0,0.0,0
829,EMPTY_SCENE,0,0.0,0
830,EMPTY_SCENE,0,0.0,0
831,EMPTY_SCENE,0,0.0,0
832,EMPTY_SCENE,0,0.0,0
833,EMPTY_SCENE,0,0.0,0
834,EMPTY_SCENE,0,0.0,0
835,EMPTY_SCENE,0,0.0,0
836,EMPTY_SCENE,0,0.0,0
837,EMPTY_SCENE,0,0.0,0
838,EMPTY_SCENE,0,0.0,0
839,EMPTY_SCENE,0,0.0,0
840,EMPTY_SCENE,0,0.0,0
841,EMPTY_SCENE,0,0.0,0
842,EMPTY_SCENE,0,0.0,0
843,EMPTY_SCENE,0,0.0,0
844,EMPTY_SCENE,0,0.0,0
845,EMPTY_SCENE,0,0.0,0
846,EMPTY_SCENE,0,0.0,0
847,EMPTY_SCENE,0,0.0,0
848,EMPTY_SCENE,0,0.0,0
849,EMPTY_SCENE,0,0.0,0
850,EMPTY_SCENE,0,0.0,0
851,EMPTY_SCENE,0,0.0,0
852,EMPTY_SCENE,0,0.0,0
853,EMPTY_SCENE,0,0.0,0
854,EMPTY_SCENE,0,0.0,0
855,EMPTY_SCENE,0,0.0,0
856,EMPTY_SCENE,0,0.0,0
857,EMPTY_SCENE,0,0.0,0
858,EMPTY_SCENE,0,0.0,0
859,EMPTY_SCENE,0,0.0,0
860,EMPTY_SCENE,0,0.0,0
861,EMPTY_SCENE,0,0.0,0
862,EMPTY_SCENE,0,0.0,0
863,EMPTY_SCENE,0,0.0,0
864,EMPTY_SCENE,0,0.0,0
865,EMPTY_SCENE,0,0.0,0
866,EMPTY_SCENE,0,0.0,0
867,EMPTY_SCENE,0,0.0,0
868,EMPTY_SCENE,0,0.0,0
869,EMPTY_SCENE,0,0.0,0
870,EMPTY_SCENE,0,0.0,0
871,EMPTY_SCENE,0,0.0,0
872,EMPTY_SCENE,0,0.0,0
873,EMPTY_SCENE,0,0.0,0
874,EMPTY_SCENE,0,0.0,0
875,EMPTY_SCENE,0,0.0,0
876,EMPTY_SCENE,0,0.0,0
877,EMPTY_SCENE,0,0.0,0
878,EMPTY_SCENE,0,0.0,0
879,EMPTY_SCENE,0,0.0,0
880,EMPTY_SCENE,0,0.0,0
881,EMPTY_SCENE,0,0.0,0
882,EMPTY_SCENE,0,0.0,0
883,EMPTY_SCENE,0,0.0,0
890,EMPTY_SCENE,0,0.0,-1
926,HIGH_OCCUPANCY,7,0.18207031250000022,1
928,HIGH_OCCUPANCY,7,0.1830208333333335,2
930,HIGH_OCCUPANCY,8,0.2895833333333333,3
931,HIGH_OCCUPANCY,6,0.20033854166666654,-2
933,HIGH_DENSITY,9,0.27460286458333305,2
933,HIGH_OCCUPANCY,9,0.27460286458333305,2
935,HIGH_OCCUPANCY,6,0.18019531249999998,-1
936,HIGH_DENSITY,9,0.23335937499999992,3
936,HIGH_OCCUPANCY,9,0.23335937499999992,3
937,HIGH_DENSITY,10,0.25959418402777734,1
937,HIGH_OCCUPANCY,10,0.25959418402777734,1
938,HIGH_DENSITY,9,0.26156032986111133,-1
938,HIGH_OCCUPANCY,9,0.26156032986111133,-1
939,HIGH_OCCUPANCY,8,0.18071614583333373,-1
940,HIGH_DENSITY,9,0.19810763888888905,1
940,HIGH_OCCUPANCY,9,0.19810763888888905,1
941,HIGH_DENSITY,9,0.229741753472222,0
941,HIGH_OCCUPANCY,9,0.229741753472222,0
942,HIGH_OCCUPANCY,8,0.2537651909722227,-1
943,HIGH_DENSITY,11,0.21556640624999968,3
943,HIGH_OCCUPANCY,11,0.21556640624999968,3
944,HIGH_DENSITY,9,0.20338541666666624,-2
944,HIGH_OCCUPANCY,9,0.20338541666666624,-2
945,HIGH_DENSITY,9,0.22986979166666774,0
945,HIGH_OCCUPANCY,9,0.22986979166666774,0
946,HIGH_DENSITY,10,0.2397960069444452,1
946,HIGH_OCCUPANCY,10,0.2397960069444452,1
947,HIGH_DENSITY,9,0.15603732638888917,-1
948,HIGH_DENSITY,10,0.27316406250000014,1
948,HIGH_OCCUPANCY,10,0.27316406250000014,1
949,HIGH_DENSITY,10,0.2476150173611102,0
949,HIGH_OCCUPANCY,10,0.2476150173611102,0
950,HIGH_DENSITY,9,0.2861197916666658,-1
950,HIGH_OCCUPANCY,9,0.2861197916666658,-1
951,HIGH_OCCUPANCY,7,0.200414496527778,-2
952,HIGH_DENSITY,10,0.2603103298611118,3
952,HIGH_OCCUPANCY,10,0.2603103298611118,3
953,HIGH_OCCUPANCY,8,0.21842664930555517,-2
954,HIGH_OCCUPANCY,6,0.18186631944444404,-2
955,HIGH_OCCUPANCY,7,0.19113281250000005,1
956,HIGH_DENSITY,10,0.271575520833333,3
956,HIGH_OCCUPANCY,10,0.271575520833333,3
957,HIGH_OCCUPANCY,6,0.23863498263888913,-4
957,SUDDEN_COUNT_DECREASE,6,0.23863498263888913,-4
958,HIGH_OCCUPANCY,8,0.2462565104166663,2
959,HIGH_OCCUPANCY,8,0.2632052951388885,0
960,HIGH_OCCUPANCY,8,0.23138237847222226,0
961,HIGH_OCCUPANCY,8,0.2174652777777782,0
962,HIGH_DENSITY,9,0.23029079861111015,1
962,HIGH_OCCUPANCY,9,0.23029079861111015,1
963,HIGH_OCCUPANCY,7,0.21627604166666617,-2
964,HIGH_OCCUPANCY,7,0.19455078125000014,0
965,HIGH_DENSITY,9,0.23785807291666744,2
965,HIGH_OCCUPANCY,9,0.23785807291666744,2
966,HIGH_OCCUPANCY,7,0.18324869791666692,-2
967,HIGH_OCCUPANCY,8,0.24021918402777764,1
969,HIGH_DENSITY,9,0.21764105902777714,3
969,HIGH_OCCUPANCY,9,0.21764105902777714,3
970,HIGH_OCCUPANCY,7,0.18899088541666678,-2
971,HIGH_OCCUPANCY,7,0.20488715277777766,0
972,HIGH_OCCUPANCY,8,0.23449869791666625,1
973,HIGH_OCCUPANCY,7,0.22950520833333382,-1
974,HIGH_DENSITY,9,0.2681488715277779,2
974,HIGH_OCCUPANCY,9,0.2681488715277779,2
975,HIGH_OCCUPANCY,7,0.22707682291666687,-2
976,HIGH_OCCUPANCY,7,0.21929904513888876,0
977,HIGH_DENSITY,10,0.2805512152777776,3
977,HIGH_OCCUPANCY,10,0.2805512152777776,3
978,HIGH_OCCUPANCY,7,0.24588758680555559,-3
979,HIGH_OCCUPANCY,7,0.22633463541666632,0
980,HIGH_OCCUPANCY,6,0.19283637152777763,-1
981,HIGH_OCCUPANCY,8,0.211733940972222,2
982,HIGH_OCCUPANCY,8,0.2652886284722217,0
983,HIGH_OCCUPANCY,6,0.1968077256944447,-2
984,HIGH_OCCUPANCY,8,0.2322656249999991,2
985,HIGH_DENSITY,10,0.3322439236111119,2
985,HIGH_OCCUPANCY,10,0.3322439236111119,2
988,HIGH_DENSITY,10,0.25412109375,4
988,HIGH_OCCUPANCY,10,0.25412109375,4
988,SUDDEN_COUNT_INCREASE,10,0.25412109375,4
989,HIGH_OCCUPANCY,7,0.19075954861111102,-3
990,HIGH_DENSITY,9,0.20220486111111075,2
990,HIGH_OCCUPANCY,9,0.20220486111111075,2
991,HIGH_OCCUPANCY,7,0.18824435763888864,-2
992,HIGH_OCCUPANCY,7,0.20963541666666674,0
993,HIGH_OCCUPANCY,7,0.20787760416666698,0
994,HIGH_OCCUPANCY,7,0.22257378472222245,0
995,HIGH_OCCUPANCY,8,0.24572048611111127,1
996,HIGH_DENSITY,9,0.2653103298611107,1
996,HIGH_OCCUPANCY,9,0.2653103298611107,1
997,HIGH_DENSITY,9,0.22871961805555507,0
997,HIGH_OCCUPANCY,9,0.22871961805555507,0
998,HIGH_DENSITY,9,0.23350260416666696,0
998,HIGH_OCCUPANCY,9,0.23350260416666696,0
999,HIGH_OCCUPANCY,8,0.22184027777777784,-1
1000,HIGH_OCCUPANCY,8,0.21785373263888927,0
1001,HIGH_OCCUPANCY,8,0.22406250000000003,0
1002,HIGH_OCCUPANCY,8,0.22184027777777815,0
1003,HIGH_OCCUPANCY,8,0.22143663194444468,0
1004,HIGH_DENSITY,9,0.23988932291666648,1
1004,HIGH_OCCUPANCY,9,0.23988932291666648,1
1005,HIGH_DENSITY,9,0.22368055555555547,0
1005,HIGH_OCCUPANCY,9,0.22368055555555547,0
1006,HIGH_DENSITY,9,0.21801215277777714,0
1006,HIGH_OCCUPANCY,9,0.21801215277777714,0
1011,HIGH_DENSITY,9,0.22342013888888906,2
1011,HIGH_OCCUPANCY,9,0.22342013888888906,2
1012,HIGH_OCCUPANCY,8,0.18552083333333297,-1
1013,HIGH_OCCUPANCY,7,0.19269748263888895,-1
1014,HIGH_OCCUPANCY,6,0.18275173611111095,-1
1015,HIGH_OCCUPANCY,7,0.2057052951388889,1
1016,HIGH_OCCUPANCY,8,0.212228732638889,1
1017,HIGH_OCCUPANCY,6,0.2683897569444443,-2
1018,HIGH_OCCUPANCY,7,0.20800998263888898,1
1019,HIGH_OCCUPANCY,7,0.18635850694444456,0
1020,HIGH_OCCUPANCY,8,0.1863758680555556,1
1021,HIGH_OCCUPANCY,8,0.19800130208333336,0
1022,HIGH_OCCUPANCY,8,0.19578559027777748,0
1023,HIGH_OCCUPANCY,8,0.19457465277777744,0
1024,HIGH_OCCUPANCY,6,0.18993272569444433,-2
1025,HIGH_DENSITY,10,0.23970920138888913,4
1025,HIGH_OCCUPANCY,10,0.23970920138888913,4
1025,SUDDEN_COUNT_INCREASE,10,0.23970920138888913,4
1026,HIGH_DENSITY,10,0.2729340277777782,0
1026,HIGH_OCCUPANCY,10,0.2729340277777782,0
1027,HIGH_DENSITY,9,0.2651302083333337,-1
1027,HIGH_OCCUPANCY,9,0.2651302083333337,-1
1028,HIGH_DENSITY,9,0.2201779513888889,0
1028,HIGH_OCCUPANCY,9,0.2201779513888889,0
1029,HIGH_OCCUPANCY,7,0.19092013888888962,-2
1030,HIGH_OCCUPANCY,7,0.19332899305555507,0
1031,HIGH_OCCUPANCY,8,0.27091796874999935,1
1032,HIGH_OCCUPANCY,6,0.1975368923611111,-2
1033,HIGH_OCCUPANCY,8,0.23839626736111222,2
1034,HIGH_OCCUPANCY,7,0.25494140624999995,-1
1035,HIGH_OCCUPANCY,8,0.2852821180555559,1
1036,HIGH_DENSITY,9,0.24655381944444535,1
1036,HIGH_OCCUPANCY,9,0.24655381944444535,1
1037,HIGH_DENSITY,9,0.23863498263888858,0
1037,HIGH_OCCUPANCY,9,0.23863498263888858,0
1038,HIGH_OCCUPANCY,8,0.23037543402777758,-1
1039,HIGH_DENSITY,9,0.26088758680555535,1
1039,HIGH_OCCUPANCY,9,0.26088758680555535,1
1040,HIGH_DENSITY,10,0.28282335069444364,1
1040,HIGH_OCCUPANCY,10,0.28282335069444364,1
1041,HIGH_OCCUPANCY,7,0.2071245659722222,-3
1042,HIGH_OCCUPANCY,8,0.20817708333333376,1
1043,HIGH_OCCUPANCY,8,0.2202799479166666,0
1044,HIGH_OCCUPANCY,7,0.19970486111111102,-1
1045,HIGH_OCCUPANCY,7,0.20115017361111148,0
1046,HIGH_OCCUPANCY,6,0.1891124131944446,-1
1050,HIGH_DENSITY,9,0.2328689236111106,2
1050,HIGH_OCCUPANCY,9,0.2328689236111106,2
1051,HIGH_DENSITY,10,0.22807725694444433,1
1051,HIGH_OCCUPANCY,10,0.22807725694444433,1
1052,HIGH_OCCUPANCY,7,0.20347222222222167,-3
1054,HIGH_DENSITY,9,0.3096896701388886,2
1054,HIGH_OCCUPANCY,9,0.3096896701388886,2
1055,HIGH_OCCUPANCY,8,0.24199218750000054,-1
1056,HIGH_OCCUPANCY,7,0.2510980902777779,-1
1060,HIGH_OCCUPANCY,7,0.18162760416666715,1
1067,HIGH_OCCUPANCY,8,0.1806749131944442,0
1068,HIGH_OCCUPANCY,6,0.18013888888888907,-2
1070,HIGH_OCCUPANCY,8,0.2072547743055555,2
1074,HIGH_OCCUPANCY,7,0.1817187499999996,0
1080,HIGH_DENSITY,10,0.17796440972222227,3
1081,HIGH_DENSITY,9,0.17196614583333322,-1
1082,HIGH_DENSITY,10,0.1917100694444439,1
1082,HIGH_OCCUPANCY,10,0.1917100694444439,1
1083,HIGH_DENSITY,10,0.18961154513888884,0
1083,HIGH_OCCUPANCY,10,0.18961154513888884,0
1087,HIGH_OCCUPANCY,7,0.18856987847222187,1
1088,HIGH_OCCUPANCY,7,0.1813281250000001,0
1089,HIGH_DENSITY,9,0.20369140624999998,2
1089,HIGH_OCCUPANCY,9,0.20369140624999998,2
1091,HIGH_DENSITY,9,0.25347656249999967,3
1091,HIGH_OCCUPANCY,9,0.25347656249999967,3
1093,HIGH_OCCUPANCY,7,0.22462239583333304,1
1094,HIGH_OCCUPANCY,7,0.22101345486111118,0
1095,HIGH_OCCUPANCY,6,0.1966406250000007,-1
1096,HIGH_OCCUPANCY,7,0.1866905381944444,1
1097,HIGH_OCCUPANCY,8,0.2100347222222222,1
1099,HIGH_OCCUPANCY,7,0.200034722222222,1
1100,HIGH_OCCUPANCY,8,0.19766276041666597,1
1101,HIGH_OCCUPANCY,7,0.24690755208333287,-1
1102,HIGH_OCCUPANCY,7,0.1937782118055553,0
1103,HIGH_OCCUPANCY,8,0.24973741319444487,1
1105,HIGH_OCCUPANCY,7,0.18098090277777804,1
1106,HIGH_OCCUPANCY,7,0.19534288194444505,0
1107,HIGH_OCCUPANCY,8,0.19965711805555508,1
1109,HIGH_OCCUPANCY,8,0.19921440972222118,1
1113,HIGH_OCCUPANCY,7,0.19590711805555547,0
1115,HIGH_OCCUPANCY,7,0.18413845486111152,1
1116,HIGH_OCCUPANCY,8,0.21079644097222158,1
1117,HIGH_OCCUPANCY,8,0.20763671874999953,0
1118,HIGH_OCCUPANCY,8,0.21526258680555602,0
1119,HIGH_OCCUPANCY,8,0.22468749999999993,0
1120,HIGH_OCCUPANCY,6,0.19024088541666706,-2
1122,HIGH_OCCUPANCY,6,0.19481770833333295,1
1123,HIGH_OCCUPANCY,7,0.21563151041666678,1
1124,HIGH_OCCUPANCY,8,0.238190104166667,1
1125,HIGH_OCCUPANCY,7,0.21662760416666682,-1
1128,HIGH_OCCUPANCY,6,0.19916666666666638,1
1130,HIGH_OCCUPANCY,6,0.19648003472222197,1
1131,HIGH_OCCUPANCY,7,0.21586154513888914,1
1133,HIGH_OCCUPANCY,7,0.25827690972222295,1
1135,HIGH_OCCUPANCY,6,0.19507161458333305,0
1136,HIGH_OCCUPANCY,6,0.2015407986111112,0
1173,EMPTY_SCENE,0,0.0,-1
1174,EMPTY_SCENE,0,0.0,0
1175,EMPTY_SCENE,0,0.0,0
1177,EMPTY_SCENE,0,0.0,-1
1178,EMPTY_SCENE,0,0.0,0
1179,EMPTY_SCENE,0,0.0,0
1180,EMPTY_SCENE,0,0.0,0
1181,EMPTY_SCENE,0,0.0,0
1182,EMPTY_SCENE,0,0.0,0
1183,EMPTY_SCENE,0,0.0,0
1184,EMPTY_SCENE,0,0.0,0
1185,EMPTY_SCENE,0,0.0,0
1186,EMPTY_SCENE,0,0.0,0
1187,EMPTY_SCENE,0,0.0,0
1188,EMPTY_SCENE,0,0.0,0
1189,EMPTY_SCENE,0,0.0,0
1190,EMPTY_SCENE,0,0.0,0
1191,EMPTY_SCENE,0,0.0,0
1192,EMPTY_SCENE,0,0.0,0
1193,EMPTY_SCENE,0,0.0,0
1194,EMPTY_SCENE,0,0.0,0
1195,EMPTY_SCENE,0,0.0,0
1196,EMPTY_SCENE,0,0.0,0
1197,EMPTY_SCENE,0,0.0,0
1198,EMPTY_SCENE,0,0.0,0
1199,EMPTY_SCENE,0,0.0,0
1200,EMPTY_SCENE,0,0.0,0
1201,EMPTY_SCENE,0,0.0,0
1202,EMPTY_SCENE,0,0.0,0
1203,EMPTY_SCENE,0,0.0,0
1204,EMPTY_SCENE,0,0.0,0
1205,EMPTY_SCENE,0,0.0,0
1206,EMPTY_SCENE,0,0.0,0
1207,EMPTY_SCENE,0,0.0,0
1208,EMPTY_SCENE,0,0.0,0
1209,EMPTY_SCENE,0,0.0,0
1210,EMPTY_SCENE,0,0.0,0
1211,EMPTY_SCENE,0,0.0,0
1212,EMPTY_SCENE,0,0.0,0
1213,EMPTY_SCENE,0,0.0,0
1214,EMPTY_SCENE,0,0.0,0
1215,EMPTY_SCENE,0,0.0,0
1216,EMPTY_SCENE,0,0.0,0
1217,EMPTY_SCENE,0,0.0,0
1218,EMPTY_SCENE,0,0.0,0
1219,EMPTY_SCENE,0,0.0,0
1220,EMPTY_SCENE,0,0.0,0
1221,EMPTY_SCENE,0,0.0,0
1222,EMPTY_SCENE,0,0.0,0
1223,EMPTY_SCENE,0,0.0,0
1224,EMPTY_SCENE,0,0.0,0
1225,EMPTY_SCENE,0,0.0,0
