frame,common_gt_count,det_pred_count,seg_pred_count,det_count_error_commonGT,seg_count_error_commonGT,det_abs_count_error_commonGT,seg_abs_count_error_commonGT,det_gt_box_occupancy,det_pred_box_occupancy,det_abs_box_occupancy_error,seg_gt_mask_occupancy,seg_pred_mask_occupancy,seg_abs_mask_occupancy_error
00014,1,1,0,0,-1,0,1,0.006103338996,0.0069773096,0.0008739706040000001,0.0023032408587514985,0.0,0.0023032408587514985
00019,1,1,2,0,1,0,1,0.02549108601,0.027823556826,0.002332470816,0.004119888189260124,0.009999998524249994,0.00588011033498987
00020,2,1,3,-1,1,1,1,0.031173510695999995,0.038464068941999996,0.007290558246000001,0.008548177169394218,0.01508460286425001,0.006536425694855791
00021,1,2,2,1,1,1,1,0.035619637986,0.0494718274315,0.013852189445499999,0.011077594027601778,0.013956126388500004,0.002878532360898226
00022,2,2,2,0,0,0,0,0.047786694684,0.0566468464314,0.0088601517474,0.017522907237411872,0.017643222916999976,0.00012031567958810385
00023,2,2,2,0,0,0,0,0.047597098842,0.056032874291099995,0.008435775449099993,0.022178336576139684,0.02221134652925006,3.3009953110375856e-05
00024,2,2,2,0,0,0,0,0.050445086442000006,0.0661494421536,0.01570435571159999,0.027227768775614905,0.02796002430500002,0.0007322555293851132
00025,2,2,3,0,1,0,1,0.059189695406,0.068575434512,0.009385739106000004,0.02873914817878527,0.03228078263725002,0.003541634458464747
00026,2,2,3,0,1,0,1,0.068371616937,0.078072275163,0.009700658225999997,0.02939404905129861,0.03735236006925,0.007958311017951393
00027,2,2,3,0,1,0,1,0.08214644479000001,0.093709546506,0.011563101715999988,0.033806907017596366,0.042137507551499975,0.00833060053390361
00028,3,2,2,-1,-1,1,1,0.08757880650500001,0.09675440239,0.009175595884999985,0.03844593958443539,0.04025163975600002,0.001805700171564631
00029,3,2,2,-1,-1,1,1,0.093620097657,0.09962732812399999,0.0060072304669999965,0.04130545898000068,0.04247169704825014,0.0011662380682494616
00030,3,2,2,-1,-1,1,1,0.10395731303200001,0.105536132652,0.001578819619999991,0.04379267882424295,0.04476990972125004,0.0009772308970070892
00031,3,2,3,-1,0,1,0,0.10668920298600001,0.104216542902,0.002472660084000017,0.05019555336328964,0.05447697925299997,0.004281425889710332
00032,3,3,3,0,0,0,0,0.10945638708,0.117121057936,0.007664670856000005,0.054490981296128865,0.05811847039874997,0.0036274891026211037
00033,3,3,3,0,0,0,0,0.117477802452,0.127825640922,0.010347838469999995,0.05827425511872254,0.06296659262174994,0.004692337503027402
00034,3,3,3,0,0,0,0,0.13662340893,0.1412845365224,0.004661127592400005,0.06464023794596392,0.06854817274299999,0.003907934797036064
00035,3,3,3,0,0,0,0,0.148162209135,0.154260358076,0.006098148940999998,0.06750265139365519,0.07154079374975005,0.0040381423560948565
00036,3,3,4,0,1,0,1,0.161743972126,0.174289607696,0.012545635569999991,0.06544174473548925,0.07441402439224973,0.008972279656760479
00037,3,3,4,0,1,0,1,0.173130722618,0.185861901614,0.012731178996000014,0.06821421759542434,0.07697262005425018,0.008758402458825837
00038,3,3,4,0,1,0,1,0.181760391614,0.19598350666900002,0.014223115055000013,0.07102888666017959,0.07934471892724983,0.008315832267070236
00039,3,3,5,0,2,0,2,0.189795051999,0.19796703888900002,0.008171986890000038,0.07426649537731045,0.08550134748524997,0.011234852107939522
00040,4,3,4,-1,0,1,0,0.205805493063,0.21298872854099998,0.007183235477999983,0.08143494329494086,0.08298176276049982,0.0015468194655589573
00041,4,4,3,0,-1,0,1,0.213451213414,0.22156519964099997,0.008113986226999964,0.08612799035777186,0.08954641831650009,0.0034184279587282373
00042,4,4,4,0,0,0,0,0.22111495097699996,0.21890904934199998,0.0022059016349999794,0.08964940296427988,0.09633689678925016,0.006687493824970275
00043,4,4,4,0,0,0,0,0.21998567465,0.2155452769606,0.004440397689399994,0.09165629943791206,0.10682498602449991,0.015168686586587848
00044,4,3,4,-1,0,1,0,0.21974637690100002,0.223035070666,0.0032886937649999892,0.09470799701135907,0.11095698307250006,0.016248986061140988
00045,4,5,4,1,0,1,0,0.22377014788299998,0.314365521344,0.090595373461,0.09700472370160237,0.11808803819499966,0.021083314493397287
00046,4,4,5,0,1,0,1,0.226735893714,0.23389618677000001,0.007160293056000022,0.09690152294732457,0.11572488428650009,0.018823361339175518
00047,4,6,5,2,1,2,1,0.230235263136,0.435873140335,0.205637877199,0.10409649956800315,0.15765179001850033,0.05355529045049717
00048,4,4,5,0,1,0,1,0.23968718128600003,0.256257756923,0.016570575636999985,0.10853250541579851,0.12070533064049975,0.012172825224701242
00049,4,4,5,0,1,0,1,0.242971652469,0.25237443260200004,0.009402780133000055,0.11100622123899817,0.1193402980025,0.008334076763501827
00050,4,6,4,2,0,2,0,0.237623329851,0.44961674807999996,0.21199341822899997,0.11024281467955033,0.11651264314250023,0.006269828462949906
00051,4,5,4,1,0,1,0,0.23813563432100002,0.381035770889,0.14290013656799996,0.10995225441624268,0.11284097048799982,0.0028887160717571414
00052,4,4,4,0,0,0,0,0.225929332411,0.24400982484400002,0.01808049243300003,0.11162326147107593,0.11610246528150034,0.004479203810424409
00053,4,4,4,0,0,0,0,0.22146365022799996,0.25623833571,0.03477468548200002,0.11427806482907976,0.11503909409450036,0.0007610292654205986
00054,5,5,4,0,-1,0,1,0.236713132473,0.262692331853,0.025979199380000012,0.11854624793483536,0.11915581953375023,0.0006095715989148792
00055,5,5,4,0,-1,0,1,0.24216562966299998,0.2790460631836,0.0368804335206,0.12081742078349433,0.11270398359050002,0.008113437192994316
00056,5,5,4,0,-1,0,1,0.19640232920399997,0.25857850150100004,0.062176172297000065,0.12321807558368453,0.11572916623049984,0.007488909353184692
00057,5,4,4,-1,-1,1,1,0.201137234538,0.21796994518010002,0.016832710642100013,0.12551673807538535,0.11243497682750014,0.01308176124788521
00058,5,4,5,-1,0,1,0,0.213481714629,0.21658831846099996,0.0031066038319999545,0.11534505465068434,0.1081770514755001,0.007168003175184248
00059,6,6,6,0,0,0,0,0.23028362588299994,0.33147653939900007,0.10119291351600013,0.11044487842175504,0.11071618585075026,0.00027130742899521276
00060,6,4,5,-2,-1,2,1,0.232160262021,0.24287648296199998,0.010716220940999971,0.10627893757298534,0.10342012534799977,0.002858812224985574
00061,6,4,5,-2,-1,2,1,0.23530279443999996,0.247872468299,0.012569673859000041,0.11137128897741055,0.1135808453129999,0.0022095563355893494
00062,5,4,5,-1,0,1,0,0.238725397479,0.23846125406900004,0.0002641434099999729,0.10935185193221975,0.11781244947900052,0.008460597546780774
00063,5,4,4,-1,-1,1,1,0.208010108626,0.24134057834,0.033330469714,0.11662447115171959,0.1087261700522498,0.00789830109946979
00064,5,4,5,-1,0,1,0,0.211888161712,0.243929224622,0.03204106291,0.11624156231484473,0.13552953436950027,0.019287972054655544
00065,5,3,4,-2,-1,2,1,0.225704865047,0.19612367194799998,0.029581193099000008,0.11463011317753224,0.11347006137149983,0.0011600518060324166
00066,5,3,4,-2,-1,2,1,0.228180653297,0.19898166674700002,0.029198986549999972,0.12402585160913071,0.09822692751550045,0.025798924093630257
00067,6,4,6,-2,0,2,0,0.238834091971,0.30542066310500005,0.06658657113400004,0.11686559860508547,0.15685739349025024,0.03999179488516477
00068,6,4,8,-2,2,2,2,0.267060026651,0.327707278727,0.060647252076000024,0.12428578483565395,0.21419915633625036,0.08991337150059642
00069,6,5,3,-1,-3,1,3,0.300499829275,0.39230519163109995,0.09180536235609993,0.1369167127981782,0.12140615894174976,0.015510553856428425
00070,5,4,7,-1,2,1,2,0.301162910414,0.361367771031,0.06020486061699998,0.14815248962280717,0.2694945020870002,0.12134201246419304
00071,5,6,4,1,-1,1,1,0.32294958837500004,0.36629664415800006,0.04334705578300002,0.1506401909940462,0.14453986449475012,0.006100326499296094
00072,5,7,4,2,-1,2,1,0.336125052486,0.5376220412116,0.20149698872559996,0.14135536987064945,0.14122170225949995,0.0001336676111494961
00073,5,6,6,1,1,1,1,0.343967579972,0.4358849892800001,0.09191740930800008,0.1620910513268956,0.23978519661274977,0.07769414528585417
00074,6,3,5,-3,-1,3,1,0.343763608795,0.276324832262,0.06743877653300001,0.15878809709911446,0.19250007525924984,0.03371197816013538
00075,6,4,5,-2,-1,2,1,0.301205295183,0.39269105444999997,0.09148575926699998,0.19060835728624337,0.1818663593767501,0.00874199790949326
00076,6,5,5,-1,-1,1,1,0.306146897033,0.518515693604,0.21236879657099994,0.18135368723622944,0.18862179808950055,0.007268110853271115
00077,6,6,6,0,0,0,0,0.31047865923100004,0.5429097998319999,0.2324311406009999,0.1808632315576366,0.19151256553825005,0.010649333980613462
00078,6,5,8,-1,2,1,2,0.319805915984,0.47819931329700005,0.15839339731300006,0.18242380471819414,0.265811561807499,0.08338775708930485
00079,6,5,8,-1,2,1,2,0.29434278484400006,0.40000550068800006,0.105662715844,0.18823978221721438,0.21891941823025074,0.03067963601303636
00080,6,5,7,-1,1,1,1,0.325257264258,0.434302159137,0.10904489487899999,0.17457393046754524,0.1853447545117502,0.010770824044204957
00081,6,5,7,-1,1,1,1,0.332182630949,0.458807584272,0.126624953323,0.13619839796681932,0.2353253885432496,0.09912699057643029
00082,7,5,6,-2,-1,2,1,0.333358007851,0.421746171159,0.08838816330799998,0.1660841063509065,0.18065297578275052,0.014568869431844017
00083,7,4,8,-3,1,3,1,0.341570549072,0.397565688522,0.05599513945000001,0.18303795783908858,0.23188357239499977,0.04884561455591119
00084,8,5,6,-3,-2,3,2,0.35672313826,0.48895665749,0.13223351922999999,0.18695409190990608,0.17762566180375,0.009328430106156083
00085,6,5,8,-1,2,1,2,0.361749345823,0.39153660310500005,0.029787257282000046,0.18263406738402174,0.23357408150375064,0.0509400141197289
00086,6,5,8,-1,2,1,2,0.352955410438,0.37298620551899997,0.020030795080999975,0.16803843749043068,0.21452670972150034,0.04648827223106966
00087,6,8,7,2,1,2,1,0.359086076621,0.6128982267540001,0.25381215013300007,0.1656433253357006,0.21720257066075013,0.051559245325049546
00088,6,9,6,3,0,3,0,0.359525858629,0.6455757860019999,0.28604992737299995,0.1867915689759404,0.19230892682375,0.005517357847809601
00089,5,6,6,1,1,1,1,0.36078941332599995,0.411950112356,0.051160699030000034,0.15800877375737835,0.1601149142362498,0.002106140478871449
00090,6,6,7,0,1,0,1,0.267913241642,0.42809136704600004,0.16017812540400006,0.16303819358441213,0.18159485077800058,0.018556657193588455
00091,6,7,7,1,1,1,1,0.26486080098599996,0.442697977396,0.17783717641000002,0.16320915344936004,0.20523439566099916,0.04202524221163911
00092,6,5,9,-1,3,1,3,0.27849988332000003,0.300417481614,0.021917598293999974,0.16873094968964192,0.2538908645005003,0.08515991481085838
00093,6,5,7,-1,1,1,1,0.295981582535,0.317465592609,0.02148401007399997,0.16866150670026533,0.20688371631549962,0.03822220961523429
00094,6,6,8,0,2,0,2,0.302756245608,0.47890984705899997,0.17615360145099995,0.16250820012791745,0.21019957074624995,0.04769137061833251
00095,6,5,7,-1,1,1,1,0.340040673757,0.374205647107,0.034164973350000016,0.165505883883867,0.1749477970447497,0.009441913160882692
00096,6,4,7,-2,1,2,1,0.30180204984,0.340297107754,0.03849505791400004,0.170468994104073,0.16995864322600057,0.0005103508780724408
00097,6,5,6,-1,0,1,0,0.299049475529,0.484703107385,0.18565363185599998,0.16001036892224918,0.15495662508624986,0.005053743835999325
00098,5,4,5,-1,0,1,0,0.302988422704,0.415822408905,0.11283398620099999,0.15654803372488912,0.1465711887170005,0.009976845007888618
00099,5,5,5,0,0,0,0,0.29847650620599997,0.428853736267,0.13037723006100005,0.15086299252611302,0.1522655926239999,0.0014026000978868969
00100,5,4,5,-1,0,1,0,0.283286986177,0.34376987825099997,0.06048289207399998,0.14962070766203572,0.13838764999500033,0.01123305766703539
00101,5,2,5,-3,0,3,0,0.224299941072,0.157506658109,0.066793282963,0.13610797879087733,0.13815753368225,0.002049554891372679
00102,5,4,5,-1,0,1,0,0.23736371339499995,0.39017196556699996,0.152808252172,0.14336878039013046,0.13786020702799962,0.005508573362130842
00103,5,3,5,-2,0,2,0,0.22795305427400003,0.279436468344,0.051483414069999955,0.1309864498058041,0.13080940746349953,0.00017704234230456195
00104,5,4,6,-1,1,1,1,0.213906787213,0.43396331508099995,0.22005652786799995,0.13098379718951025,0.13813150008300037,0.007147702893490121
00105,5,4,5,-1,0,1,0,0.19225950691699997,0.339411063338,0.147151556421,0.12674455284801955,0.13480011015450002,0.00805555730648047
00106,5,4,5,-1,0,1,0,0.18504713364899997,0.33954064530899997,0.15449351166,0.1238587473071795,0.13129328029549966,0.007434532988320169
00107,5,3,4,-2,-1,2,1,0.194157002929,0.233004454867,0.03884745193799999,0.12316092765636832,0.1383462046839996,0.015185277027631283
00108,5,3,4,-2,-1,2,1,0.19337051234,0.27283890105099995,0.07946838871099995,0.11941454667793483,0.13686412525849972,0.017449578580564895
00109,5,2,4,-3,-1,3,1,0.19043506244199998,0.19081532224900002,0.000380259807000044,0.1153214212685647,0.13318571562550033,0.017864294356935623
00110,4,3,5,-1,1,1,1,0.186325745153,0.22710023687800002,0.04077449172500003,0.1091005993890315,0.1599023082469998,0.05080170885796831
00111,4,4,5,0,1,0,1,0.19174107000899998,0.34048987452400004,0.14874880451500005,0.10733338077196919,0.1280553605029998,0.0207219797310306
00112,4,2,4,-2,0,2,0,0.205014972981,0.17967297453699999,0.025341998444000008,0.10733965455066974,0.1764104630219998,0.06907080847133007
00113,4,2,4,-2,0,2,0,0.230709268714,0.21376162617,0.016947642543999997,0.10672115996404496,0.17312495625349988,0.06640379628945492
00114,3,2,4,-1,1,1,1,0.244677128979,0.222341144968,0.02233598401100001,0.10280671420558285,0.11367822039649958,0.01087150619091673
00115,3,2,3,-1,0,1,0,0.243548310594,0.21482365653799998,0.028724654056000026,0.09796416656310392,0.09962034192550025,0.001656175362396331
00116,3,2,3,-1,0,1,0,0.23918108986000003,0.21314232351499998,0.026038766345000047,0.09727237707445546,0.09986765781450027,0.0025952807400448086
00117,3,2,3,-1,0,1,0,0.161248975412,0.214537218852,0.053288243439999994,0.09257137332738008,0.09769326119600003,0.005121887868619945
00118,3,1,3,-2,0,2,0,0.160409128903,0.111385339555,0.04902378934799999,0.09014901506180317,0.09129129262349948,0.0011422775616963116
00119,3,2,3,-1,0,1,0,0.137133638826,0.15355163520300003,0.016417996377000033,0.0834912671753476,0.08790360364550036,0.004412336470152753
00120,3,1,3,-2,0,2,0,0.116437296429,0.073221391276,0.043215905153,0.07521894528880813,0.08161671345550006,0.006397768166691936
00121,3,1,3,-2,0,2,0,0.101476128685,0.066936475064,0.034539653621000005,0.07361087176661574,0.07738923324599965,0.0037783614793839154
00122,3,1,3,-2,0,2,0,0.05674935,0.06633301613399999,0.00958366613399999,0.06403187450303083,0.06839624843650013,0.004364373933469307
00123,3,2,4,-1,1,1,1,0.055073921139999996,0.114412734012,0.059338812872000005,0.05575496578129968,0.07469174270850039,0.018936776927200707
00124,3,2,2,-1,-1,1,1,0.056627162982000004,0.116931805127,0.06030464214499999,0.0528592768175864,0.05779948628499981,0.0049402094674134145
00125,4,2,2,-2,-2,2,2,0.063017102852,0.113118983462,0.050101880609999996,0.06195650177321638,0.05643435876749993,0.005522143005716448
00126,4,2,2,-2,-2,2,2,0.072658845573,0.11649230435599998,0.04383345878299999,0.05726851751276493,0.05503022456550022,0.002238292947264714
00127,3,2,2,-1,-1,1,1,0.069526829336,0.10133017248599999,0.03180334314999998,0.05676263392547454,0.05222434079599991,0.004538293129474624
00128,3,2,2,-1,-1,1,1,0.06501836976200001,0.092225366642,0.027206996879999987,0.05357566508580719,0.05060104496550011,0.002974620120307081
00129,3,3,3,0,0,0,0,0.07200826338,0.119839200816,0.04783093743599999,0.049821807512657974,0.05276030581499981,0.002938498302341837
00130,3,2,4,-1,1,1,1,0.079152621348,0.09333651015000001,0.014183888802000014,0.0496236017282186,0.0562043529515005,0.006580751223281903
00131,3,3,5,0,2,0,2,0.093550096339,0.133179828828,0.03962973248900001,0.049115547938039184,0.06960269600849994,0.02048714807046076
00132,3,2,4,-1,1,1,1,0.091523342899,0.100690077776,0.00916673487700001,0.043062549590840105,0.05519955355900001,0.012137003968159907
00133,3,2,3,-1,0,1,0,0.08881016118599999,0.11054598756600001,0.021735826380000017,0.03832296597829443,0.0435220171867501,0.005199051208455666
00134,3,2,4,-1,1,1,1,0.08258980123000001,0.097082289232,0.014492488001999995,0.04366584866641099,0.046187077950000155,0.002521229283589166
00135,3,2,3,-1,0,1,0,0.082665176202,0.102336310228,0.019671134025999987,0.045249808203138286,0.042608458767000146,0.0026413494361381407
00136,4,2,2,-2,-2,2,2,0.080577984977,0.10121899763600001,0.020641012659000008,0.04651355331780961,0.035935331944999996,0.010578221372809615
00137,3,2,5,-1,2,1,2,0.078826309165,0.10173531152000001,0.022909002355000013,0.04517650826506481,0.0628146177095,0.017638109444435196
00138,4,2,4,-2,0,2,0,0.084685276018,0.100516416379,0.015831140361,0.05167028671135415,0.06091141762000029,0.009241130908646138
00139,4,2,3,-2,-1,2,1,0.09813554079100001,0.10986392784900001,0.011728387058,0.059479410327295854,0.06456363802100042,0.005084227693704563
00140,4,3,4,-1,0,1,0,0.103626964835,0.1347682571114,0.0311412922764,0.058083770785562386,0.08798394314174995,0.029900172356187568
00141,4,3,3,-1,-1,1,1,0.112783980484,0.128952502185,0.016168521701000013,0.05806423871558418,0.060494744531249915,0.002430505815665736
00142,5,3,4,-2,-1,2,1,0.119752976897,0.139134150618,0.019381173720999997,0.05664424292088399,0.06390180425475003,0.007257561333866042
00143,4,3,5,-1,1,1,1,0.123648802814,0.144805630262,0.021156827448,0.059374035505158185,0.06889756380099998,0.009523528295841799
00144,4,3,5,-1,1,1,1,0.128338073716,0.14773619714,0.01939812342399999,0.05984953829121886,0.06989376102474977,0.010044222733530908
00145,3,3,4,0,1,0,1,0.129525930423,0.151614934215,0.02208900379199999,0.061890671682354514,0.07052084982449974,0.008630178142145228
00146,3,3,4,0,1,0,1,0.12442088391200001,0.139489763402,0.015068879489999992,0.06693455936208959,0.06669490269125007,0.0002396566708395137
00147,4,3,3,-1,-1,1,1,0.135204929474,0.148249750733,0.013044821259,0.07429229289014763,0.07494789505150001,0.000655602161352381
00148,4,3,3,-1,-1,1,1,0.106500115634,0.14975747338999998,0.04325735775599998,0.07834683974886868,0.07025820946200029,0.00808863028686839
00149,4,3,3,-1,-1,1,1,0.115082766643,0.159054278847,0.04397151220399999,0.0812859251898676,0.07499996883725021,0.006285956352617389
00150,4,3,3,-1,-1,1,1,0.12138811577,0.153038910522,0.031650794752,0.08531611706234075,0.07259979904625019,0.012716318016090564
00151,4,4,3,0,-1,0,1,0.133657292741,0.17170428893220002,0.03804699619120003,0.08628930622011499,0.08131285173550015,0.0049764544846148395
00152,4,4,3,0,-1,0,1,0.139466134375,0.18168358559499997,0.04221745121999998,0.08586058296092812,0.07909706970450028,0.006763513256427836
00153,4,4,5,0,1,0,1,0.146301458689,0.18147335122899996,0.03517189253999997,0.08483965339978572,0.08641264591624974,0.0015729925164640196
00154,4,3,4,-1,0,1,0,0.16001612132800003,0.17265565832200003,0.012639536994,0.08657310956975017,0.07236758272675033,0.014205526842999847
00155,4,3,4,-1,0,1,0,0.181973986349,0.205920319257,0.023946332907999995,0.08556303007332211,0.0815689539949997,0.003994076078322417
00156,5,3,3,-2,-2,2,2,0.1832603625,0.222279749084,0.039019386584000004,0.0856409164202746,0.07855472196274985,0.007086194457524758
00157,5,3,4,-2,-1,2,1,0.18658618731899998,0.198674333275,0.012088145956000024,0.0906175260956544,0.08641935581725006,0.004198170278404342
00158,5,3,4,-2,-1,2,1,0.19103242638200002,0.191294966706,0.0002625403239999713,0.0924879441797534,0.08896261519249984,0.003525328987253551
00159,5,3,5,-2,0,2,0,0.193913907861,0.19871363613100002,0.0047997282700000254,0.09628182756347586,0.09551004140775024,0.0007717861557256234
00160,5,4,4,-1,-1,1,1,0.193474425162,0.2020101005384,0.008535675376399987,0.0965080066434124,0.09080306345600013,0.00570494318741227
00161,4,4,5,0,1,0,1,0.19000538310600001,0.20300567555190002,0.013000292445900008,0.1004839409374971,0.10959631197849982,0.009112371041002723
00162,4,4,5,0,1,0,1,0.20430975862900003,0.21615749515499996,0.011847736525999936,0.10455970294856977,0.1048893407989999,0.0003296378504301367
00163,4,4,6,0,2,0,2,0.211086481888,0.227430687014,0.01634420512599999,0.10203944878716642,0.11379123463475006,0.011751785847583643
00164,5,4,4,-1,-1,1,1,0.21422044220300004,0.22642978056,0.012209338356999944,0.10631173062746958,0.08650610356100018,0.019805627066469406
00165,4,4,6,0,2,0,2,0.22003061872699997,0.23802340188100002,0.017992783154000047,0.10761935710958248,0.1347699671022496,0.027150609992667107
00166,4,4,6,0,2,0,2,0.232873621979,0.25121965628299997,0.018346034303999975,0.11079692172133238,0.1595466855917497,0.04874976387041732
00167,4,5,5,1,1,1,1,0.24495081917300002,0.35203957499899996,0.10708875582599994,0.11516734062256384,0.11568807665200004,0.0005207360294361973
00168,5,5,7,0,2,0,2,0.275163727114,0.29853397362300005,0.023370246509000048,0.12486786496156285,0.1386915121529997,0.01382364719143686
00169,5,5,6,0,1,0,1,0.295470235296,0.3152627445404,0.019792509244400014,0.12696011551076458,0.14239797760425,0.01543786209348541
00170,6,5,4,-1,-2,1,2,0.290167362691,0.31721402685669997,0.027046664165699952,0.13282624191121797,0.12904500130124985,0.003781240609968123
00171,6,5,4,-1,-2,1,2,0.298195708845,0.32441415893579995,0.026218450090799927,0.138962189174632,0.10805763845299961,0.03090455072163238
00172,6,5,4,-1,-2,1,2,0.289711365404,0.318359431268,0.028648065863999983,0.13854311454346302,0.13123046206274971,0.007312652480713305
00173,6,5,6,-1,0,1,0,0.29758786489,0.315429234733,0.017841369843,0.1386759713019646,0.16600921961849993,0.02733324831653533
00174,6,6,6,0,0,0,0,0.30671936704999997,0.39722253697300003,0.09050316992300006,0.1379783941156313,0.13165146684025017,0.006326927275381117
00175,6,5,5,-1,-1,1,1,0.32660047042,0.345734711586,0.019134241165999988,0.1367170612585209,0.11926645312524996,0.017450608133270942
00176,6,5,7,-1,1,1,1,0.28990004293,0.34751760663100006,0.057617563701000074,0.1405073304963793,0.13920791779374936,0.001299412702629954
00177,7,5,7,-2,0,2,0,0.295598494082,0.37718984649599996,0.08159135241399995,0.1477080925858496,0.14768889071200006,1.9201873849544748e-05
00178,7,4,4,-3,-3,3,3,0.31077784601499997,0.322327103976,0.011549257961000037,0.14936270235753052,0.09870002933800015,0.05066267301953037
00179,7,5,7,-2,0,2,0,0.33332399303099997,0.41452623117600007,0.0812022381450001,0.15196711144706787,0.14039939409274996,0.011567717354317913
00180,7,4,7,-3,0,3,0,0.320473402591,0.33455351724399995,0.014080114652999964,0.15092447915249366,0.1332030755232498,0.017721403629243848
00181,7,4,7,-3,0,3,0,0.30447515988299995,0.315010998151,0.01053583826800003,0.1496067250270094,0.14613714418650006,0.0034695808405093287
00182,7,5,9,-2,2,2,2,0.29620687128,0.33557071458599996,0.03936384330599996,0.14961974160452,0.15842873750024988,0.008808995895729893
00183,7,6,8,-1,1,1,1,0.31484820690700005,0.370305215181,0.055457008273999964,0.15032648318580544,0.16037748932324958,0.01005100613744414
00184,7,4,8,-3,1,3,1,0.326659625985,0.301383903525,0.025275722459999983,0.14770592061410814,0.1717338282940004,0.02402790767989227
00185,7,4,7,-3,0,3,0,0.336339715913,0.355124339795,0.01878462388200003,0.14701581748863346,0.1601517291677501,0.013135911679116652
00186,6,5,5,-1,-1,1,1,0.34931828975900003,0.393245002148,0.04392671238899998,0.1464007012990468,0.15311412786349987,0.006713426564453062
00187,6,4,5,-2,-1,2,1,0.32478393281600004,0.336869911616,0.012085978799999952,0.1445319741758938,0.1310307659689996,0.01350120820689421
00188,6,3,7,-3,1,3,1,0.252914556943,0.261119888138,0.008205331194999999,0.14784553038634307,0.17271911301500054,0.024873582628657465
00189,6,5,6,-1,0,1,0,0.251197647939,0.363372414694,0.11217476675499999,0.14808545665311001,0.13955936796899962,0.008526088684110394
00190,6,9,6,3,0,3,0,0.262260737113,0.5495245774514,0.2872638403384,0.14956717999642044,0.11802947117850013,0.03153770881792031
00191,6,6,7,0,1,0,1,0.273436541277,0.37538524948499996,0.10194870820799995,0.14331476305880742,0.16444219791974996,0.02112743486094254
00192,6,8,7,2,1,2,1,0.28234402955800003,0.5522793260662,0.2699352965082,0.1469796465668971,0.15212443836800005,0.005144791801102944
00193,6,7,8,1,2,1,2,0.296419948996,0.4457172900122,0.1492973410162,0.15653211737775186,0.22324637396350036,0.0667142565857485
00194,7,9,7,2,0,2,0,0.30697231846800005,0.5790648675275,0.2720925490594999,0.1646028663578551,0.1526040342914997,0.01199883206635538
00195,7,10,5,3,-2,3,2,0.27074314819699996,0.6759238741570001,0.4051807259600001,0.15745683859997076,0.10271258324999992,0.054744255349970836
00196,7,8,7,1,0,1,0,0.278890510953,0.524080602441,0.24519009148799997,0.16267746807995698,0.17613924209774978,0.013461774017792805
00197,6,9,6,3,0,3,0,0.288688968745,0.6985577724400001,0.40986880369500006,0.16413001570603492,0.15197687578075053,0.012153139925284384
00198,6,10,7,4,1,4,1,0.29469367308499994,0.8610974185379999,0.566403745453,0.16724416662244201,0.17848740572799998,0.011243239105557967
00199,7,7,6,0,-1,0,1,0.287424111364,0.6074322934479999,0.3200081820839999,0.17332344489091822,0.14560754722624997,0.027715897664668254
00200,7,6,6,-1,-1,1,1,0.31340274965000003,0.478730142756,0.16532739310599998,0.17827088326893564,0.16424026302225,0.014030620246685638
00201,7,7,8,0,1,0,1,0.3172263103979999,0.534002348486,0.2167760380880001,0.16900824452915025,0.25317909834650015,0.0841708538173499
00202,7,6,9,-1,2,1,2,0.3178810622340001,0.506148490769,0.18826742853499995,0.1689542350507001,0.27336130599075015,0.10440707094005006
00203,8,7,9,-1,1,1,1,0.337832058602,0.589002062666,0.251170004064,0.18903790501991596,0.23716348506550022,0.04812558004558426
00204,8,5,7,-3,-1,3,1,0.360077503621,0.428337881762,0.068260378141,0.18164834044671294,0.18181426362450026,0.0001659231777873249
00205,8,5,7,-3,-1,3,1,0.372971241304,0.3818448012458,0.008873559941800002,0.1895435457657264,0.15984143263824957,0.029702113127476837
00206,8,6,8,-2,0,2,0,0.39659672143299995,0.499993094941,0.10339637350800007,0.18294102215748675,0.20795368012299983,0.02501265796551308
00207,8,7,8,-1,0,1,0,0.39714708910900004,0.5778387990670001,0.18069170995800005,0.1833207934231328,0.22902767838475024,0.045706884961617456
00208,8,7,6,-1,-2,1,2,0.392119700942,0.558651733823,0.16653203288100005,0.18540412529911954,0.18722877500000012,0.0018246497008805873
00209,7,7,8,0,1,0,1,0.39752226575,0.5456471126110001,0.14812484686100008,0.19181688945659892,0.2643487331610005,0.07253184370440158
00210,7,7,7,0,0,0,0,0.427635962713,0.521186011695,0.09355004898200003,0.19346378488355565,0.17385853385824973,0.019605251025305914
00211,7,7,6,0,-1,0,1,0.43458135910499995,0.49373742899,0.05915606988500005,0.19285566316819658,0.1822915632742501,0.010564099893946466
00212,7,6,7,-1,0,1,0,0.437529554212,0.458490108055,0.020960553842999996,0.19419342952711638,0.2363647890657496,0.04217135953863321
00213,7,5,7,-2,0,2,0,0.40259922619000005,0.405637252385,0.003038026194999932,0.1947740639727903,0.19521051901724965,0.0004364550444593551
00214,9,5,8,-4,-1,4,1,0.41784235589599994,0.40393588609900005,0.013906469796999887,0.20477117119500604,0.2074327655387503,0.0026615943437442724
00215,9,7,6,-2,-3,2,3,0.433237889236,0.5347082121410001,0.10147032290500008,0.20324339377117534,0.18855679600400055,0.014686597767174792
00216,9,7,7,-2,-2,2,2,0.44472216829700006,0.580080717477,0.1353585491799999,0.2045676577464667,0.18689682665125054,0.017670831095216166
00217,9,5,7,-4,-2,4,2,0.45722335544500003,0.392888636583,0.06433471886200004,0.2028416803759903,0.1912976986127503,0.01154398176323998
00218,9,5,8,-4,-1,4,1,0.41261120666900003,0.41497973834999996,0.00236853168099993,0.19885392312429467,0.20881074861250037,0.0099568254882057
00219,9,7,9,-2,0,2,0,0.416677090795,0.4968372172900001,0.0801601264950001,0.1935047760392009,0.20302070746750003,0.009515931428299124
00220,9,9,10,0,1,0,1,0.41697468036999996,0.691280228743,0.27430554837300003,0.19163749297430488,0.23268443541549974,0.04104694244119486
00221,9,6,10,-3,1,3,1,0.423278000288,0.46115311454599994,0.03787511425799994,0.19165195999258455,0.2230340199637493,0.03138205997116475
00222,10,6,8,-4,-2,4,2,0.422243439915,0.454034760961,0.031791321045999965,0.1946308352522495,0.20542749158300005,0.010796656330750554
00223,10,6,8,-4,-2,4,2,0.44947397844099996,0.48843835699099997,0.03896437855000001,0.19843002132640838,0.21333126406025038,0.014901242733841996
00224,9,6,9,-3,0,3,0,0.46791345280899993,0.583872005945,0.11595855313600006,0.19957802629036053,0.23697440529374958,0.037396379003389046
00225,9,5,9,-4,0,4,0,0.471297174852,0.441421722947,0.029875451905000017,0.2063189646234364,0.2701609600744995,0.06384199545106312
00226,9,6,8,-3,-1,3,1,0.485687934429,0.570658936044,0.08497100161499999,0.20494405593386505,0.22505190303874983,0.02010784710488478
00227,9,7,9,-2,0,2,0,0.47287685086299996,0.597793151978,0.12491630111500002,0.2025402660034672,0.255518190713501,0.05297792471003382
00228,9,7,7,-2,-2,2,2,0.4556353242219999,0.531337641508,0.07570231728600008,0.19765673239154907,0.21315958463449908,0.015502852242950005
00229,9,5,10,-4,1,4,1,0.45247430492699997,0.419327635945,0.03314666898199997,0.1860407003467801,0.2465342404454991,0.06049354009871899
00230,9,6,8,-3,-1,3,1,0.4602360685410001,0.5475800127620001,0.087343944221,0.19219424672450947,0.20629326536075032,0.014099018636240856
00231,10,5,6,-5,-4,5,4,0.427593311585,0.43755510247900004,0.009961790894000011,0.1971093720077836,0.16587663342325043,0.031232738584533182
00232,10,5,8,-5,-2,5,2,0.43833053004499994,0.422514791353,0.015815738691999925,0.20070722537165775,0.2023437251734994,0.001636499801841662
00233,9,6,6,-3,-3,3,3,0.4518225306259999,0.5914473906909999,0.13962486006500002,0.20354648943434034,0.19652549609024964,0.0070209933440907035
00234,9,5,10,-4,1,4,1,0.375568601981,0.41832291519599996,0.04275431321499995,0.19883921633481758,0.23646254349175008,0.03762332715693251
00235,9,5,6,-4,-3,4,3,0.39295798511200003,0.482304205651,0.08934622053899999,0.19602671471893587,0.1329382901904991,0.06308842452843677
00236,9,5,8,-4,-1,4,1,0.410250821564,0.49139162608600007,0.08114080452200007,0.19918523593260465,0.16563346388600003,0.03355177204660462
00237,9,6,8,-3,-1,3,1,0.42631531440100007,0.616833119164,0.1905178047629999,0.19462915005190684,0.20934239601025018,0.014713245958343335
00238,11,6,7,-5,-4,5,4,0.43966981004800004,0.51061581063,0.07094600058200001,0.19906178133146246,0.25574429288199907,0.05668251155053661
00239,9,8,9,-1,0,1,0,0.45040650614399996,0.631352500785,0.18094599464100009,0.18582730118293433,0.24159937951075,0.055772078327815666
00240,9,6,8,-3,-1,3,1,0.458237167239,0.458516041547,0.0002788743079999989,0.1905425349027925,0.2815341908010005,0.09099165589820801
00241,9,6,9,-3,0,3,0,0.45967992592199997,0.45299346159,0.006686464331999986,0.18667341827392603,0.2509354245600002,0.06426200628607415
00242,9,6,8,-3,-1,3,1,0.448097567227,0.43263521244799996,0.015462354779000043,0.18875192968750953,0.2209462886259998,0.032194358938490264
00243,8,6,7,-2,-1,2,1,0.44642678431599997,0.451345149823,0.004918365507000033,0.19286337985048085,0.18688154288550007,0.00598183696498078
00244,8,7,7,-1,-1,1,1,0.38738879062000003,0.53810087095,0.15071208033,0.19591845203506408,0.19139967959549958,0.0045187724395645
00245,8,6,7,-2,-1,2,1,0.3967934475669999,0.5329314657399999,0.13613801817300003,0.19366536657291977,0.1650021394092498,0.02866322716366998
00246,8,8,10,0,2,0,2,0.404771942241,0.6158936766069999,0.2111217343659999,0.1907556927249563,0.265798488894751,0.0750427961697947
00247,8,8,7,0,-1,0,1,0.404852614011,0.7664887916509999,0.36163617763999995,0.18376326359750372,0.1527016179709999,0.03106164562650382
00248,8,7,7,-1,-1,1,1,0.395888118649,0.662639527541,0.266751408892,0.175449949331691,0.1779080546854996,0.0024581053538086095
00249,8,7,7,-1,-1,1,1,0.39178264727100004,0.551313455419,0.15953080814799997,0.17296513244803458,0.19578553706249996,0.022820404614465384
00250,7,7,6,0,-1,0,1,0.384415457581,0.6111695815760001,0.2267541239950001,0.16894001011741566,0.17621103897400067,0.00727102885658501
00251,7,9,6,2,-1,2,1,0.38622725259400004,0.8946167093420001,0.5083894567480001,0.17235195292724526,0.14439008845699983,0.02796186447024543
00252,7,7,7,0,0,0,0,0.37740120448700004,0.5913689294719999,0.21396772498499989,0.16314766643182876,0.2152645222212501,0.052116855789421324
00253,7,6,7,-1,0,1,0,0.36994435011599996,0.44144422509799996,0.071499874982,0.17394386714635734,0.1703536372387497,0.003590229907607656
00254,7,7,6,0,-1,0,1,0.371415854594,0.44766320081399996,0.07624734621999996,0.1700846384064003,0.16346986293024968,0.006614775476150636
00255,7,6,7,-1,0,1,0,0.391979034441,0.421127095708,0.02914806126699998,0.17200737924590492,0.22404289583499992,0.052035516589095
00256,7,5,7,-2,0,2,0,0.380734881827,0.35510380719400003,0.02563107463299996,0.1636868276361565,0.1809981081649998,0.017311280528843315
00257,7,6,5,-1,-2,1,2,0.39748793412300004,0.483569768771,0.08608183464799996,0.1626374413543934,0.14418839791474997,0.01844904343964343
00258,6,6,6,0,0,0,0,0.38387323570399995,0.455066808662,0.07119357295800005,0.15890431833173402,0.18838961683825023,0.02948529850651621
00259,6,6,5,0,-1,0,1,0.379212079428,0.476506577107,0.097294497679,0.15920307773297782,0.16425549774325024,0.005052420010272424
00260,6,7,5,1,-1,1,1,0.387272883903,0.5774315712560001,0.19015868735300007,0.1591092803833536,0.1679274923645007,0.0088182119811471
00261,6,6,5,0,-1,0,1,0.38538332568499994,0.458148397485,0.07276507180000008,0.15700761920664164,0.16249786137399996,0.005490242167358328
00262,6,4,5,-2,-1,2,1,0.387314783987,0.340271319776,0.047043464210999975,0.15831452574115445,0.19269310764449946,0.034378581903345
00263,6,4,5,-2,-1,2,1,0.349423329918,0.343314527763,0.006108802155000037,0.1575053045471999,0.16876079539925004,0.011255490852050132
00264,6,4,6,-2,0,2,0,0.34893648240099995,0.36715547653499997,0.01821899413400002,0.15776258654117536,0.19614145737974997,0.03837887083857461
00265,6,5,8,-1,2,1,2,0.34222198468599996,0.43649284911799996,0.094270864432,0.1547345212065927,0.2350105557282493,0.0802760345216566
00266,6,5,6,-1,0,1,0,0.32136038731399996,0.453299506011,0.13193911869700004,0.1564004653621437,0.16933575390774985,0.01293528854560616
00267,6,7,6,1,0,1,0,0.31309539155599997,0.617470287321,0.304374895765,0.153192273639134,0.14772362942624975,0.0054686442128842605
00268,6,5,6,-1,0,1,0,0.266383336757,0.379507942042,0.11312460528500001,0.14492428706107008,0.1597415812487504,0.014817294187680324
00269,6,4,8,-2,2,2,2,0.25989564556800004,0.340280075716,0.08038443014799995,0.14907118130440433,0.20789730902724993,0.058826127722845595
00270,8,8,6,0,-2,0,2,0.263888114728,0.6068825763209998,0.34299446159299984,0.14133873309358658,0.1715798677089995,0.030241134615412918
00271,5,5,5,0,0,0,0,0.266530776073,0.364925239771,0.09839446369799998,0.13096595350665063,0.12478297048600022,0.006182983020650415
00272,5,5,5,0,0,0,0,0.253367565368,0.3339431835829,0.0805756182149,0.10783516665553594,0.13523636406299983,0.027401197407463884
00273,5,3,6,-2,1,2,1,0.24405702976,0.256095107265,0.012038077505000022,0.11087794276630603,0.1644182237860001,0.053540281019694075
00274,5,3,5,-2,0,2,0,0.24918929590399996,0.26064124111200004,0.01145194520800008,0.11177806835483195,0.12054262230650016,0.00876455395166821
00275,5,3,5,-2,0,2,0,0.224208027548,0.231057212493,0.006849184945000003,0.10977285887736277,0.13118701883650086,0.02141415995913809
00276,5,4,6,-1,1,1,1,0.16735309392199998,0.27695936116700004,0.10960626724500006,0.10495491265513723,0.1494204552099987,0.04446554255486146
00277,5,2,6,-3,1,3,1,0.17987695133499998,0.15752901653399998,0.022347934801000002,0.10523485736979565,0.15057070200200018,0.045335844632204525
00278,4,2,5,-2,1,2,1,0.18122134066899998,0.15929972643499998,0.021921614233999992,0.10105902603032701,0.10752374175199987,0.006464715721672856
00279,5,2,4,-3,-1,3,1,0.18175664146099998,0.18296392912999998,0.0012072876689999956,0.0960064622026291,0.10087234461399995,0.004865882411370856
00280,4,2,4,-2,0,2,0,0.18943966537100002,0.18522786826800003,0.004211797102999987,0.09559895701342347,0.09723729643899996,0.0016383394255764933
00281,4,1,4,-3,0,3,0,0.171012118805,0.08082257000799999,0.09018954879700002,0.09067057101281595,0.09207025807150013,0.0013996870586841792
00282,4,1,4,-3,0,3,0,0.15807842647800002,0.08101753503999999,0.07706089143800003,0.08711443667126595,0.09049903168600001,0.0033845950147340653
00283,4,1,4,-3,0,3,0,0.15395986460900002,0.077741662118,0.07621820249100002,0.08355420407021752,0.08773429513799985,0.004180091067782332
00284,4,1,4,-3,0,3,0,0.100362514212,0.072423453834,0.027939060377999994,0.08105420795902507,0.08538179357699983,0.0043275856179747635
00285,4,1,3,-3,-1,3,1,0.101298076362,0.06911369388,0.03218438248200001,0.07491898223878835,0.07986328906099992,0.004944306822211572
00286,3,1,3,-2,0,2,0,0.0963468222,0.063717606194,0.032629216005999995,0.07269989578978509,0.08128034843699983,0.008580452647214742
00287,3,1,3,-2,0,2,0,0.088442109351,0.058743521099999994,0.029698588251000003,0.0707419467150463,0.07622616180500037,0.005484215089954073
00288,3,1,3,-2,0,2,0,0.092613431709,0.06693358939499999,0.025679842314,0.06445722463839809,0.07134111328150021,0.006883888643102118
00289,3,1,3,-2,0,2,0,0.062336138735,0.062156123205,0.00018001553000000087,0.06112967501435129,0.0692274114570001,0.0080977364426488
00290,3,1,3,-2,0,2,0,0.06810731671,0.071613086862,0.003505770152000001,0.05574001816826346,0.06219196041749947,0.006451942249236009
00291,3,2,2,-1,-1,1,1,0.070175300454,0.099323013419,0.029147712965000003,0.05716603847162105,0.04860888229000013,0.008557156181620923
00292,3,1,3,-2,0,2,0,0.06976849109299998,0.07488338119599999,0.005114890103000008,0.05288556299448022,0.07274313151049952,0.019857568516019303
00293,3,1,3,-2,0,2,0,0.07575803437499999,0.078290361468,0.0025323270930000114,0.05130931902590241,0.055410186629999664,0.0041008676040972525
00294,3,1,2,-2,-1,2,1,0.07128546818999999,0.075279661278,0.003994193088000003,0.04624132069449338,0.04316403506950034,0.0030772856249930425
00295,3,1,2,-2,-1,2,1,0.07090276668600001,0.07894404749,0.00804128080399999,0.04248866860715772,0.03781674748099992,0.004671921126157802
00895,1,1,1,0,0,0,0,0.025834454244,0.028774238400000002,0.002939784156000002,0.0029509067436519487,0.006931425347499985,0.003980518603848036
00896,2,1,1,-1,-1,1,1,0.028235054958,0.032640038936999995,0.004404983978999993,0.006989776013687627,0.007712663280500031,0.000722887266812404
00897,1,1,2,0,1,0,1,0.0324986207,0.036712073367000005,0.004213452667000003,0.007289496418088182,0.017730027951249984,0.010440531533161802
00898,2,1,3,-1,1,1,1,0.053986971292999994,0.046979803465000004,0.00700716782799999,0.01242163404254734,0.01839194930649999,0.00597031526395265
00899,2,1,3,-1,1,1,1,0.053084457143,0.048258811965,0.004825645178,0.007619356620858629,0.030058489932000013,0.022439133311141383
00900,2,1,4,-1,2,1,2,0.052424793039,0.046058416785,0.006366376254000002,0.010320939493619247,0.030258230207750005,0.019937290714130758
00901,3,2,2,-1,-1,1,1,0.057361706138000006,0.0678399121242,0.010478205986199994,0.018355757355498777,0.014485641927749985,0.0038701154277487916
00902,3,1,3,-2,0,2,0,0.06379382873,0.054183642649999995,0.009610186080000006,0.021565635549665646,0.03745009609124998,0.015884460541584336
00903,3,1,3,-2,0,2,0,0.09253939001,0.063819029715,0.028720360294999997,0.029849538412871912,0.025117158159749978,0.0047323802531219344
00904,3,1,3,-2,0,2,0,0.09445192968,0.07027496366399999,0.024176966016000015,0.032867236256343545,0.04635421666949993,0.013486980413156387
00905,3,1,2,-2,-1,2,1,0.10554086526999999,0.07567379512,0.029867070149999994,0.039156779775670746,0.030625002603249973,0.008531777172420773
00906,3,3,3,0,0,0,0,0.117443767224,0.124484230229,0.007040463004999997,0.04448519456879298,0.04444656050275003,3.8634066042944615e-05
00907,3,4,3,1,0,1,0,0.12317741292800001,0.19183183892199995,0.06865442599399994,0.04877097682647846,0.049476927865250084,0.0007059510387716211
00908,3,5,3,2,0,2,0,0.137463954,0.241129084189,0.103665130189,0.05694733744866598,0.0547156574657502,0.002231679982915777
00909,3,4,2,1,-1,1,1,0.148712362614,0.250148792896,0.101436430282,0.06237244352410509,0.05695955494749992,0.005412888576605171
00910,3,3,4,0,1,0,1,0.155048822117,0.197874498315,0.04282567619800001,0.061935763577584124,0.09841573949799996,0.03647997592041584
00911,4,3,4,-1,0,1,0,0.17083226077700003,0.173607287447,0.002775026669999958,0.08119092341050706,0.11058605425099996,0.029395130840492903
00912,4,2,3,-2,-1,2,1,0.17843434461500002,0.147078802422,0.03135554219300002,0.08482711268373241,0.08324645286499992,0.0015806598187324966
00913,5,2,3,-3,-2,3,2,0.178951142945,0.145331925837,0.033619217108000005,0.08996069751181515,0.10961147629974988,0.019650778787934725
00914,5,3,3,-2,-2,2,2,0.220717048321,0.168195242686,0.052521805635,0.10786771706847009,0.09028862422125006,0.017579092847220035
00915,5,3,6,-2,1,2,1,0.210315487932,0.19290906592799997,0.017406422004000027,0.11484326663023572,0.11138891084825009,0.003454355781985635
00916,5,4,6,-1,1,1,1,0.22336818275299997,0.28927026074699996,0.065902077994,0.11214144455727497,0.1524109577250003,0.040269513167725327
00917,5,3,5,-2,0,2,0,0.23546786926899999,0.211371083413,0.024096785855999975,0.10514057705397784,0.11824648602649988,0.013105908972522048
00918,5,2,5,-3,0,3,0,0.25928697043,0.196352931402,0.06293403902799999,0.10872395490900721,0.12140624305325014,0.012682288144242923
00919,5,5,4,0,-1,0,1,0.276922866376,0.4377059239930001,0.16078305761700012,0.12094545723456807,0.11805121145874986,0.002894245775818205
00920,5,5,4,0,-1,0,1,0.29871769857100006,0.463105299922,0.16438760135099995,0.12774209529374525,0.11252604635424997,0.015216048939495283
00921,6,6,4,0,-2,0,2,0.33155738589300005,0.4787722560652,0.14721487017219997,0.15180507526404352,0.10415579809325008,0.04764927717079344
00922,6,6,5,0,-1,0,1,0.360519632972,0.3955810506055,0.03506141763349996,0.16005039493822953,0.1387110309047504,0.021339364033479136
00923,7,7,4,0,-3,0,3,0.392420341605,0.5533903379360001,0.16096999633100012,0.16543764136726846,0.12931643741250023,0.03612120395476823
00924,7,6,5,-1,-2,1,2,0.39739767919599994,0.44751991568899996,0.050122236493000016,0.16914689381767983,0.1515733988715,0.017573494946179824
00925,7,7,6,0,-1,0,1,0.408594960107,0.49163579567759996,0.08304083557059994,0.1648488131507739,0.16281258698200057,0.0020362261687733307
00926,7,6,7,-1,0,1,0,0.415197690938,0.49793503338,0.08273734244199998,0.153587239947862,0.1963738256087498,0.042786585660887805
00927,7,5,7,-2,0,2,0,0.44872718141099993,0.444234112588,0.004493068822999935,0.1565904681863645,0.18276018325000004,0.02616971506363555
00928,7,5,5,-2,-2,2,2,0.460821733944,0.482210937347,0.02138920340299999,0.15141613744823068,0.1613215143212501,0.009905376873019428
00929,7,4,9,-3,2,3,2,0.452434524304,0.37764362783600003,0.07479089646799997,0.15949242792395257,0.2251148542519997,0.06562242632804713
00930,7,7,5,0,-2,0,2,0.44664664498499995,0.652025060949,0.20537841596400008,0.1508627520105572,0.1463692992169998,0.004493452793557423
00931,8,7,8,-1,0,1,0,0.444908478798,0.650662516982,0.20575403818399995,0.16617524965477834,0.2778080865394993,0.11163283688472095
00932,8,5,6,-3,-2,3,2,0.461155206105,0.465997282469,0.004842076364000025,0.1835766322337707,0.19840930581749944,0.01483267358372875
00933,8,7,6,-1,-2,1,2,0.45605327536,0.7431977172309999,0.2871444418709999,0.18042197030615378,0.16343958046775006,0.016982389838403722
00934,9,8,9,-1,0,1,0,0.45322459901999995,0.660039079149,0.206814480129,0.19510633607990172,0.26812480286525026,0.07301846678534854
00935,9,6,7,-3,-2,3,2,0.45379590645799994,0.4916347224878,0.03783881602980005,0.19188729416152958,0.16185331275875015,0.030033981402779436
00936,9,6,7,-3,-2,3,2,0.467358930957,0.5196091330129999,0.05225020205599995,0.18816864277756984,0.23530579609399974,0.0471371533164299
00937,9,7,9,-2,0,2,0,0.41860749288,0.5806129604810001,0.1620054676010001,0.18992066670540603,0.2411002721339996,0.051179605428593566
00938,9,4,9,-5,0,5,0,0.43757266056399996,0.36890852186699996,0.068664138697,0.19558955692109253,0.20434890477099998,0.00875934784990745
00939,9,6,9,-3,0,3,0,0.44886523540699996,0.507507384534,0.058642149127000054,0.1954075041890334,0.2538602457507499,0.05845274156171648
00940,9,6,9,-3,0,3,0,0.46932889931199995,0.638204649583,0.1688757502710001,0.20326461128304563,0.19226347968975036,0.011001131593295271
00941,9,5,9,-4,0,4,0,0.4759382989769999,0.55182080281,0.0758825038330001,0.19501712067902033,0.19616954149075028,0.0011524208117299484
00942,9,6,9,-3,0,3,0,0.47701818194199996,0.495435779353,0.01841759741100002,0.19983555116093,0.22488473949374987,0.025049188332819883
00943,9,3,8,-6,-1,6,1,0.484604431745,0.347968719527,0.13663571221800003,0.21305387036191503,0.2250757594640001,0.01202188910208507
00944,10,4,12,-6,2,6,2,0.494356126398,0.601827097221,0.10747097082300006,0.21290533469128298,0.2324955301217497,0.019590195430466723
00945,10,7,9,-3,-1,3,1,0.492846401239,0.5435489808432,0.05070257960420005,0.22576871522258765,0.19821627864975055,0.027552436572837097
00946,10,9,9,-1,-1,1,1,0.49465901816900004,0.9024947238450001,0.407835705676,0.23508101684663882,0.2255531570319994,0.009527859814639411
00947,10,8,12,-2,2,2,2,0.44157881297400003,0.671220147968,0.22964133499399997,0.23157624367499524,0.2739693729115,0.042393129236504734
00948,9,9,8,0,-1,0,1,0.452094293615,0.650624432047,0.19853013843200007,0.22036338357267082,0.14168860651174983,0.07867477706092099
00949,10,7,9,-3,-1,3,1,0.453640237554,0.523900973145,0.07026073559099993,0.22680796858743169,0.27996750077800014,0.05315953219056846
00950,10,8,10,-2,0,2,0,0.45468231790299996,0.5507968133719999,0.09611449546899997,0.22898533359135415,0.24244785017275006,0.013462516581395911
00951,10,8,9,-2,-1,2,1,0.46064271866300005,0.609608180543,0.14896546187999998,0.2245047261572454,0.2851343986997505,0.06062967254250509
00952,10,7,7,-3,-3,3,3,0.475524384767,0.46442982360300006,0.011094561163999928,0.21857542217233747,0.20050979826924994,0.018065623903087524
00953,10,8,9,-2,-1,2,1,0.487394548875,0.5769949916670001,0.08960044279200008,0.2272714112529689,0.22202031154549978,0.00525109970746912
00954,10,6,9,-4,-1,4,1,0.48519202832800007,0.466428455168,0.018763573160000047,0.20073880918768292,0.2286653378465005,0.02792652865881759
00955,10,6,6,-4,-4,4,4,0.499715437733,0.465499530343,0.03421590738999997,0.21014202417850814,0.18487188506599977,0.02527013911250836
00956,10,9,7,-1,-3,1,3,0.485873584252,0.647393493371,0.16151990911900005,0.2112897867814474,0.20477655399275002,0.006513232788697365
00957,10,8,9,-2,-1,2,1,0.49344489499900007,0.7100200618429999,0.21657516684399986,0.21289737581976742,0.25626083724400023,0.04336346142423281
00958,10,7,8,-3,-2,3,2,0.5061584290210001,0.638434530917,0.13227610189599992,0.22114896871988488,0.31577264887599965,0.09462368015611478
00959,11,8,8,-3,-3,3,3,0.511888925442,0.624873000194,0.11298407475200001,0.23994044400712627,0.24083765572899962,0.0008972117218733477
00960,11,6,8,-5,-3,5,3,0.518619049255,0.44484060090000005,0.07377844835499997,0.21439838841085274,0.2602667295127504,0.04586834110189769
00961,11,7,8,-4,-3,4,3,0.46428721850200005,0.508772939088,0.04448572058599998,0.22245611102368418,0.23073978082299965,0.008283669799315468
00962,10,5,8,-5,-2,5,2,0.483807040634,0.367888920602,0.11591812003199997,0.2146515709173235,0.21458772422074962,6.38466965738882e-05
00963,10,8,8,-2,-2,2,2,0.47624877361100004,0.536093326199,0.05984455258799992,0.22326123567471085,0.21374133489424996,0.009519900780460888
00964,10,8,8,-2,-2,2,2,0.466904489295,0.41236272793,0.054541761365,0.23364294037355524,0.21638009791574983,0.017262842457805405
00965,10,6,6,-4,-4,4,4,0.43966758166200004,0.383400406182,0.05626717548000004,0.2309973009544923,0.1637782368924998,0.06721906406199252
00966,11,7,11,-4,0,4,0,0.4550694207009999,0.61417794905,0.15910852834900008,0.23324556169073712,0.29267786979150023,0.05943230810076311
00967,11,8,6,-3,-5,3,5,0.47250763615799996,0.589890958053,0.117383321895,0.23233458740985147,0.176805505643,0.05552908176685148
00968,10,8,8,-2,-2,2,2,0.440680120396,0.8006782377629998,0.3599981173669998,0.23681858010402113,0.2373068346342499,0.0004882545302287711
00969,10,7,7,-3,-3,3,3,0.445208323834,0.5781124829100001,0.13290415907600006,0.2302481184299593,0.18820317552100002,0.04204494290895927
00970,11,7,9,-4,-2,4,2,0.449060155588,0.546713660644,0.09765350505599996,0.22965687821452596,0.20694652742899958,0.022710350785526384
00971,11,10,9,-1,-2,1,2,0.479755039803,0.7395682079631999,0.2598131681601999,0.23882812774678094,0.2299868561657506,0.008841271581030347
00972,11,9,7,-2,-4,2,4,0.49862378379399996,0.5759808748014,0.07735709100740007,0.23487943880895226,0.2101629535584996,0.02471648525045267
00973,11,9,9,-2,-2,2,2,0.4726760332620001,0.699135866452,0.2264598331899999,0.23546513631136592,0.23809654132025015,0.00263140500888423
00974,11,8,7,-3,-4,3,4,0.4795050504909999,0.55170452017,0.07219946967900015,0.23415267700732284,0.22257373490124982,0.01157894210607302
00975,11,10,8,-1,-3,1,3,0.487792431499,0.8561941353129999,0.36840170381399995,0.24730010637156302,0.2406249403677499,0.006675166003813127
00976,11,7,9,-4,-2,4,2,0.495419823537,0.561735704694,0.06631588115700005,0.22903308291239302,0.2696026763012497,0.040569593388856656
00977,13,7,8,-6,-5,6,5,0.49976695867200005,0.5572635122039999,0.057496553531999894,0.2520577754047775,0.21827893133850032,0.03377884406627715
00978,12,8,9,-4,-3,4,3,0.5031908825289999,0.671083122762,0.1678922402330001,0.23117669759172133,0.23966135964124916,0.00848466204952783
00979,13,8,7,-5,-6,5,6,0.43225980332499997,0.698328250826,0.26606844750100006,0.24061559486410583,0.24087028177149988,0.00025468690739405275
00980,13,8,7,-5,-6,5,6,0.442972343548,0.622780074558,0.17980773100999997,0.24412664328419634,0.22929479531550018,0.01483184796869616
00981,11,9,7,-2,-4,2,4,0.45005633230899994,0.7970945016190001,0.34703816931000014,0.22860146467444153,0.21967887612799947,0.008922588546442067
00982,10,8,8,-2,-2,2,2,0.45230621868099996,0.6596381803210001,0.20733196164000012,0.2255278271260881,0.2066577953122501,0.018870031813838006
00983,10,10,8,0,-2,0,2,0.459369527279,0.8555634602400001,0.3961939329610001,0.22839482358253543,0.2693576106779998,0.04096278709546436
00984,11,8,6,-3,-5,3,5,0.47437637712999997,0.6875462756359999,0.21316989850599993,0.23452715171527055,0.1929600543400001,0.04156709737527045
00985,13,7,8,-6,-5,6,5,0.47227815355299996,0.6316645361040001,0.15938638255100013,0.23499951665264646,0.23467653550099984,0.0003229811516466119
00986,10,7,8,-3,-2,3,2,0.47193304862399993,0.687143106962,0.21521005833800005,0.23030020420570235,0.21848302578375053,0.011817178421951818
00987,10,8,11,-2,1,2,1,0.48302362454500003,0.7380967228699999,0.2550730983249999,0.22383536059363493,0.2772742134504995,0.05343885285686459
00988,10,7,8,-3,-2,3,2,0.484343920529,0.681938737152,0.19759481662300005,0.22347849089507826,0.17508259930574938,0.04839589158932889
00989,10,8,10,-2,0,2,0,0.47684598207,0.7792738719000001,0.3024278898300001,0.22571687124130496,0.2528994118067502,0.027182540565445223
00990,10,7,9,-3,-1,3,1,0.480047360203,0.6975878687560001,0.2175405085530001,0.22381559340898732,0.2465842539932498,0.022768660584262468
00991,10,7,9,-3,-1,3,1,0.48277641561500007,0.692341056533,0.20956464091799998,0.22933280484169893,0.22202471970250034,0.007308085139198589
00992,10,7,6,-3,-4,3,4,0.482083552592,0.663339246169,0.181255693577,0.22544608613255748,0.16338961397349985,0.06205647215905763
00993,10,7,6,-3,-4,3,4,0.482260602792,0.6722479389760001,0.1899873361840001,0.22826509523432628,0.16670567882000026,0.061559416414326024
00994,10,6,7,-4,-3,4,3,0.492261015108,0.6328803586889999,0.14061934358099992,0.23007016883999895,0.21016940486299976,0.019900763976999192
00995,11,9,7,-2,-4,2,4,0.506978647699,0.962326950046,0.45534830234699997,0.246395161747164,0.18345043584674997,0.06294472590041403
00996,10,7,8,-3,-2,3,2,0.5074158717130001,0.82860054742,0.32118467570699993,0.2257207298539071,0.24728077638750043,0.021560046533593336
00997,10,5,9,-5,-1,5,1,0.502820000597,0.5285320329519999,0.02571203235499986,0.23438416368653828,0.2577930881982501,0.02340892451171181
00998,9,6,9,-3,0,3,0,0.510300526506,0.665855176025,0.155554649519,0.23142095872403595,0.2276084804737506,0.003812478250285356
00999,9,6,9,-3,0,3,0,0.509769096989,0.600580601915,0.09081150492599999,0.23237147787197987,0.23156893376800003,0.0008025441039798409
01000,9,5,10,-4,1,4,1,0.509545451567,0.503804007047,0.0057414445200000275,0.2300412328597217,0.24243269679099982,0.01239146393127813
01001,9,6,9,-3,0,3,0,0.46642551307800006,0.5881282021500001,0.12170268907199999,0.22653766687190627,0.21716789166849979,0.009369775203406483
01002,10,5,9,-5,-1,5,1,0.46573435935199997,0.5099599799219999,0.04422562056999996,0.2257783590583307,0.21903005373674983,0.006748305321580883
01003,10,5,9,-5,-1,5,1,0.452229429687,0.502738085104,0.050508655417000003,0.2254711638801895,0.2235416279537495,0.001929535926440018
01004,9,4,8,-5,-1,5,1,0.4554874103199999,0.395472525859,0.060014884460999895,0.22064284466247422,0.2151389710077496,0.005503873654724628
01005,10,4,9,-6,-1,6,1,0.424446296765,0.38364965007199997,0.04079664669300004,0.21784384878718627,0.23430112708324988,0.01645727829606361
01006,9,7,8,-2,-1,2,1,0.42803610525,0.6687723054739999,0.24073620022399989,0.2107988506392459,0.20923605816049992,0.0015627924787459668
01007,10,5,8,-5,-2,5,2,0.424969025661,0.442353031793,0.01738400613200003,0.21330680774141678,0.20546213437275004,0.007844673368666732
01008,10,4,9,-6,-1,6,1,0.41813060870300006,0.37629264943300006,0.04183795927,0.21338156062327643,0.2208765006082504,0.0074949399849739695
01009,10,4,7,-6,-3,6,3,0.405499871196,0.353336107641,0.05216376355500002,0.20986665706933716,0.1729815329847501,0.03688512408458705
01010,10,4,8,-6,-2,6,2,0.396297814671,0.34826348641599997,0.048034328255000036,0.19535300878376516,0.18357637638900007,0.01177663239476509
01011,10,4,8,-6,-2,6,2,0.392874725083,0.348695386546,0.04417933853699996,0.19082224140298265,0.15499121371375038,0.03583102768923227
01012,9,4,8,-5,-1,5,1,0.384548795203,0.344643487809,0.039905307394,0.18687210838290597,0.21334436484324987,0.0264722564603439
01013,9,5,8,-4,-1,4,1,0.3936803377559999,0.416023826372,0.022343488616000107,0.195454521963459,0.18232849001875018,0.013126031944708821
01014,10,7,9,-3,-1,3,1,0.40844224988199995,0.6205180747719999,0.21207582489,0.18645929916641657,0.2140361738697497,0.027576874703333143
01015,10,6,6,-4,-4,4,4,0.422237830316,0.550118139057,0.12788030874100004,0.19253786256931577,0.17803382265399967,0.014504039915316097
01016,10,6,7,-4,-3,4,3,0.44447893365299995,0.511127052664,0.0666481190110001,0.1960995428673467,0.18877381787950018,0.0073257249878465325
01017,10,7,9,-3,-1,3,1,0.45686527201900007,0.602234979543,0.1453697075239999,0.19498432537975727,0.19828140633449992,0.003297080954742654
01018,10,7,6,-3,-4,3,4,0.429389876265,0.5720059914,0.14261611513499994,0.2003870093171513,0.26630415703049953,0.06591714771334822
01019,10,6,8,-4,-2,4,2,0.36360080044699994,0.5006328488218,0.1370320483748001,0.19528669868577642,0.23696620989125022,0.04167951120547381
01020,10,6,7,-4,-3,4,3,0.348857952661,0.5095568150042,0.16069886234320002,0.1922902206738533,0.18340267708649993,0.008887543587353358
01021,9,6,8,-3,-1,3,1,0.32104925484299995,0.42331721733399996,0.10226796249100001,0.19151427527844966,0.18484362308799965,0.006670652190450016
01022,9,6,9,-3,0,3,0,0.31277628639599997,0.43827279258299995,0.12549650618699998,0.19090566829379857,0.22566183854225003,0.03475617024845146
01023,9,6,9,-3,0,3,0,0.31323567648100004,0.410902096222,0.09766641974099999,0.18362991916158744,0.21263650867800019,0.029006589516412745
01024,9,6,8,-3,-1,3,1,0.300429913558,0.42021504954899996,0.11978513599099999,0.1855784601673766,0.1918140842885001,0.006235624121123495
01025,9,4,7,-5,-2,5,2,0.3240699304400001,0.30082774405199997,0.02324218638800013,0.1868050703704269,0.20616089106074978,0.019355820690322878
01026,9,4,10,-5,1,5,1,0.34455760605000013,0.30033821089,0.04421939516000012,0.18887248930508224,0.23273213576574972,0.04385964646066748
01027,9,4,11,-5,2,5,2,0.34858201923,0.31836042352099997,0.030221595709000015,0.189676652218186,0.26934662230975037,0.07966997009156437
01028,9,6,9,-3,0,3,0,0.333183595346,0.448355240569,0.115171645223,0.17931592485445152,0.2641622184020003,0.0848462935475488
01029,9,5,9,-4,0,4,0,0.33840961792100005,0.45294231710500005,0.114532699184,0.18303072337740406,0.21606314583550024,0.03303242245809618
01030,9,4,7,-5,-2,5,2,0.348545363751,0.336373137606,0.012172226144999965,0.18439477400627777,0.18766472152550007,0.0032699475192222993
01031,9,4,7,-5,-2,5,2,0.349105798098,0.331963333449,0.017142464649000044,0.18548659331263795,0.19219167231149997,0.006705078998862024
01032,9,8,8,-1,-1,1,1,0.354585701631,0.6036664114970001,0.24908070986600006,0.1868940501618361,0.26768424930775037,0.08079019914591426
01033,8,6,6,-2,-2,2,2,0.35630413256200005,0.531898524954,0.17559439239199998,0.1869936309708472,0.19517768880700037,0.008184057836153169
01034,9,7,8,-2,-1,2,1,0.35716981391499997,0.5017259537334999,0.14455613981849996,0.19581717724572886,0.2337194718785006,0.03790229463277173
01035,9,6,7,-3,-2,3,2,0.382267869004,0.4740563746086,0.0917885056046,0.19637393689676194,0.25324221267450026,0.056868275777738314
01036,9,6,8,-3,-1,3,1,0.390181596577,0.47966483613200006,0.08948323955500004,0.19685474379793858,0.3006551846362505,0.10380044083831194
01037,8,6,9,-2,1,2,1,0.402099397178,0.510750515695,0.10865111851699999,0.2003677173112503,0.24550749271150063,0.045139775400250326
01038,8,8,9,0,1,0,1,0.410458632343,0.658989723008,0.24853109066499995,0.20278380076920766,0.2279274170084995,0.025143616239291844
01039,8,8,8,0,0,0,0,0.421734838358,0.657506703174,0.23577186481599993,0.20203896658290516,0.22843318967150023,0.02639422308859507
01040,8,6,9,-2,1,2,1,0.42057918548199996,0.480480197624,0.059901012142000054,0.2010231033056275,0.26139746658024965,0.060374363274622145
01041,8,6,9,-2,1,2,1,0.42000703249900007,0.489641479742,0.06963444724299994,0.20282141947270846,0.23885421892374992,0.03603279945104146
01042,8,5,7,-3,-1,3,1,0.358505013338,0.37163881602199994,0.01313380268399994,0.2045143713196729,0.20502817447674987,0.0005138031570769697
01043,8,5,8,-3,0,3,0,0.35604777522799996,0.382623455133,0.026575679905000038,0.2036226833263861,0.2070376805507499,0.0034149972243637805
01044,8,6,8,-2,0,2,0,0.351577416406,0.480665460607,0.129088044201,0.19610194908866485,0.21696384383449957,0.02086189474583472
01045,9,7,7,-2,-2,2,2,0.30802442756500004,0.5191901835439999,0.2111657559789999,0.1954668207260285,0.1944203290787504,0.0010464916472781027
01046,8,5,6,-3,-2,3,2,0.30902357337499997,0.326794015192,0.01777044181700005,0.18708453587423327,0.1504273322894999,0.03665720358473337
01047,9,5,7,-4,-2,4,2,0.320167661118,0.351718149742,0.031550488624000006,0.1875949984322588,0.2195593414067502,0.03196434297449141
01048,10,7,7,-3,-3,3,3,0.323818024576,0.45732201803600003,0.13350399346000003,0.18572940925645057,0.21012133454849946,0.024391925292048894
01049,9,5,7,-4,-2,4,2,0.331712993445,0.40339827449099996,0.07168528104599997,0.17808497333059836,0.17578760450949996,0.0022973688210984056
01050,8,6,8,-2,0,2,0,0.313582737479,0.445989817715,0.132407080236,0.16918547316380028,0.23912966023800056,0.06994418707420028
01051,9,5,9,-4,0,4,0,0.32634768841199996,0.39506594384,0.06871825542800003,0.17149763746913604,0.2405271719642494,0.06902953449511334
01052,8,5,10,-3,2,3,2,0.341102491462,0.369471847149,0.028369355686999997,0.16448374864994356,0.2271006086817498,0.06261686003180625
01053,8,5,6,-3,-2,3,2,0.33534081961100004,0.447476387784,0.11213556817299997,0.16390866101363627,0.16071813185474987,0.0031905291588864015
01054,8,6,7,-2,-1,2,1,0.316415102857,0.524912715186,0.20849761232900005,0.1675308657613515,0.1620028532972498,0.0055280124641017
01055,9,6,10,-3,1,3,1,0.32258758674899995,0.478922893476,0.15633530672700002,0.16740982019422004,0.2937521580754994,0.12634233788127938
01056,9,7,7,-2,-2,2,2,0.336215272778,0.5360867362024,0.1998714634244,0.16005377263782228,0.22619782708349903,0.06614405444567675
01057,9,6,7,-3,-2,3,2,0.371652677697,0.4660867636803,0.0944340859833,0.17154393608906957,0.25742835277975074,0.08588441669068117
01058,8,5,5,-3,-3,3,3,0.374623253175,0.3719290057744,0.0026942474005999806,0.17553505455906143,0.1578928075524999,0.01764224700656153
01059,8,8,7,0,-1,0,1,0.36480873201899994,0.5890950481974999,0.22428631617849998,0.17086564121230688,0.1934763851585004,0.02261074394619353
01060,8,7,7,-1,-1,1,1,0.36448352883199997,0.5043470475684,0.13986351873640002,0.17449484191573872,0.1798632730037508,0.005368431088012077
01061,8,8,6,0,-2,0,2,0.37175417855000004,0.540359203198,0.16860502464799998,0.17813440652113094,0.16029737222325,0.017837034297880944
01062,8,8,7,0,-1,0,1,0.356482269118,0.583746689671,0.22726442055299995,0.17836323200341928,0.16781244739499965,0.010550784608419628
01063,8,8,7,0,-1,0,1,0.310391348196,0.563996927365,0.25360557916899995,0.17934461681527633,0.16971338663324945,0.009631230182026884
01064,8,8,6,0,-2,0,2,0.31236347876000004,0.7152247023560001,0.4028612235960001,0.18202643158611329,0.15299673853749984,0.029029693048613442
01065,8,7,6,-1,-2,1,2,0.316193601786,0.631860263644,0.3156666618580001,0.18116970558686152,0.15812904522575,0.02304066036111152
01066,8,6,7,-2,-1,2,1,0.337099305136,0.486852836152,0.14975353101599997,0.18385031026449572,0.16778416510475008,0.016066145159745637
01067,8,6,8,-2,0,2,0,0.353818541481,0.441536672406,0.08771813092499997,0.17855541160916655,0.17463291467125047,0.003922496937916076
01068,8,7,7,-1,-1,1,1,0.347457313676,0.5774825397150001,0.23002522603900005,0.1697813003207289,0.15088765850699984,0.018893641813729073
01069,9,5,6,-4,-3,4,3,0.36227877228500005,0.367023568681,0.004744796395999951,0.1726017540626437,0.17362636250349983,0.0010246084408561396
01070,10,5,6,-5,-4,5,4,0.338178457979,0.374894821125,0.03671636314600002,0.1712061140826654,0.17092658923450016,0.0002795248481652357
01071,10,5,8,-5,-2,5,2,0.328590247466,0.363462498626,0.03487225115999998,0.16983651958621226,0.1841926254319996,0.014356105845787337
01072,9,6,7,-3,-2,3,2,0.32591200548999993,0.3778222480249999,0.051910242534999984,0.16949749450967383,0.16491096258275012,0.004586531926923709
01073,9,7,7,-2,-2,2,2,0.336997173228,0.4498014863012,0.11280431307319999,0.17358989165828437,0.16278420468700042,0.010805686971283951
01074,9,7,7,-2,-2,2,2,0.33567073486899995,0.43515555794400007,0.09948482307500012,0.17458405718169942,0.16981959618250078,0.004764460999198639
01075,9,5,7,-4,-2,4,2,0.346392577142,0.2804002991542,0.0659922779878,0.17127652533548235,0.1684135149269997,0.0028630104084826358
01076,9,5,7,-4,-2,4,2,0.340287458403,0.32704611075699996,0.013241347646000046,0.16921392847271352,0.16728935833199982,0.001924570140713705
01077,9,6,7,-3,-2,3,2,0.2985009635399999,0.371107513628,0.0726065500880001,0.16931303053705915,0.16794041250099967,0.0013726180360594809
01078,9,6,7,-3,-2,3,2,0.30079451769500004,0.388218994199,0.08742447650399998,0.17188633469930745,0.1649044522550003,0.0069818824443071414
01079,9,7,8,-2,-1,2,1,0.30279381601399996,0.49071226170500004,0.18791844569100008,0.17986424710072774,0.16724154774499972,0.012622699355728018
01080,9,8,7,-1,-2,1,2,0.31202012361299997,0.486455211858,0.17443508824500004,0.1771289068461345,0.15750431293300016,0.01962459391313434
01081,9,7,10,-2,1,2,1,0.32810483883399993,0.471648375241,0.14354353640700007,0.17352551162776755,0.1791102985242503,0.005584786896482757
01082,9,9,9,0,0,0,0,0.328520333925,0.567522118265,0.23900178433999997,0.17320674301651937,0.1831790565107501,0.009972313494230722
01083,10,8,11,-2,1,2,1,0.32983379759299997,0.48260876992820007,0.1527749723352001,0.17688054945236392,0.19024293472449974,0.013362385272135818
01084,9,9,7,0,-2,0,2,0.343676183272,0.5785013803817001,0.23482519710970007,0.17644916836252866,0.160002231252,0.016446937110528664
01085,9,7,7,-2,-2,2,2,0.363152431198,0.48394374162599996,0.12079131042799995,0.18380521903277403,0.15720908897524974,0.026596130057524286
01086,8,8,6,0,-2,0,2,0.38130372644800004,0.567931113724,0.18662738727599992,0.18921103455336497,0.16023451319575002,0.028976521357614943
01087,8,9,6,1,-2,1,2,0.400357538073,0.8085743010329999,0.40821676295999987,0.1969591527336581,0.16490453637049968,0.03205461636315843
01088,8,11,7,3,-1,3,1,0.41841369698700004,0.9536071663129999,0.5351934693259999,0.1965410391942743,0.18510828880300054,0.011432750391273755
01089,8,11,7,3,-1,3,1,0.414556099684,0.7145280613430001,0.2999719616590001,0.2003771258478104,0.1818727709187492,0.01850435492906119
01090,8,9,9,1,1,1,1,0.40447743575899997,0.6486158124529999,0.24413837669399996,0.2090545440775228,0.19638681267525035,0.012667731402272453
01091,8,9,6,1,-2,1,2,0.402876165191,0.8374216474220001,0.4345454822310001,0.21181664584976267,0.1543445486120004,0.05747209723776228
01092,8,9,9,1,1,1,1,0.398291529689,0.685323564455,0.287032034766,0.21366488147001894,0.2567989580739996,0.043134076603980664
01093,9,8,6,-1,-3,1,3,0.402091253049,0.562418753452,0.16032750040299998,0.21855034537037993,0.1691014668379999,0.04944887853238003
01094,9,6,8,-3,-1,3,1,0.427852794717,0.415621471277,0.012231323439999997,0.21954209899767954,0.24703763568400045,0.027495536686320904
01095,9,8,7,-1,-2,1,2,0.424969216538,0.467015063682,0.042045847144000004,0.216189235944827,0.21876526614525055,0.002576030200423546
01096,9,7,6,-2,-3,2,3,0.39382937739500007,0.49637524373,0.10254586633499996,0.21680916700125197,0.19512598680674972,0.021683180194502244
01097,9,10,8,1,-1,1,1,0.404937740511,0.7087752745803,0.3038375340693,0.2134714970984871,0.21772337170300035,0.004251874604513262
01098,10,10,7,0,-3,0,3,0.410916608333,0.6607284254047999,0.24981181707179995,0.20621310611286758,0.1952472833335005,0.010965822779367085
01099,10,7,7,-3,-3,3,3,0.41898251338799997,0.443777261919,0.024794748531000055,0.21433569933793753,0.17737615147525046,0.03695954786268707
01100,10,8,7,-2,-3,2,3,0.4303296125810001,0.570127658623,0.13979804604199986,0.2176550460693119,0.19063995251399973,0.027015093555312175
01101,10,9,9,-1,-1,1,1,0.42771334880699996,0.6336984470729999,0.20598509826599998,0.20743779340881938,0.2295332396682498,0.022095446259430412
01102,10,8,7,-2,-3,2,3,0.43712501953200006,0.586916149147,0.1497911296149999,0.2010431153770017,0.2459548601582503,0.0449117447812486
01103,10,8,7,-2,-3,2,3,0.42056764792800005,0.6479633487680001,0.22739570084000005,0.20287471217839506,0.19343522092224974,0.009439491256145321
01104,9,8,9,-1,0,1,0,0.418621290774,0.646292140595,0.22767084982099994,0.19564766530771205,0.28302295547200107,0.08737529016428902
01105,9,5,7,-4,-2,4,2,0.40029612898,0.410471567043,0.010175438062999975,0.20615716814137475,0.1899760012122492,0.01618116692912555
01106,9,5,7,-4,-2,4,2,0.4045031815030001,0.43778668456400005,0.033283503060999975,0.19048177004971878,0.17776899010674965,0.012712779942969127
01107,9,6,7,-3,-2,3,2,0.348335217968,0.45144955042900003,0.10311433246100005,0.1992173001163221,0.20203366883250024,0.0028163687161781303
01108,9,5,8,-4,-1,4,1,0.339755953422,0.368356646378,0.028600692955999985,0.19213807196482655,0.20280803489624977,0.010669962931423221
01109,9,5,9,-4,0,4,0,0.313248284796,0.36537235375099997,0.05212406895499999,0.1939969125414373,0.18511039452950004,0.008886518011937267
01110,9,5,8,-4,-1,4,1,0.32480078635700005,0.3598606339469999,0.03505984758999986,0.19574194824827695,0.19697256241099936,0.0012306141627224099
01111,9,5,7,-4,-2,4,2,0.336371269286,0.37483296064599997,0.038461691359999994,0.192647087760889,0.16904946519075,0.023597622570139004
01112,9,5,6,-4,-3,4,3,0.343437240316,0.40215842458500006,0.05872118426900008,0.19619960360034439,0.1448609784702501,0.051338625130094295
01113,9,7,6,-2,-3,2,3,0.346981470491,0.49191157138099995,0.14493010088999997,0.19786723767277947,0.1596961597189998,0.038171077953779664
01114,9,5,8,-4,-1,4,1,0.341846006794,0.443583598708,0.101737591914,0.19594979789557454,0.21898004565600115,0.023030247760426614
01115,9,5,6,-4,-3,4,3,0.34483687175800004,0.436993848998,0.09215697723999994,0.2006283791132779,0.16705728889375032,0.03357109021952759
01116,9,5,7,-4,-2,4,2,0.35556998508,0.388977050183,0.03340706510300001,0.20127556440191163,0.18559242908200005,0.015683135319911584
01117,8,5,7,-3,-1,3,1,0.359323348595,0.402029597185,0.042706248589999996,0.20134886012313802,0.18925994730875004,0.012088912814387981
01118,8,6,9,-2,1,2,1,0.36695286167300006,0.477612357,0.11065949532699992,0.2032525614007008,0.2167427210942498,0.013490159693548998
01119,8,5,8,-3,0,3,0,0.369257532371,0.40509309179799996,0.03583555942699995,0.19168089633674434,0.21147550546724972,0.019794609130505375
01120,7,6,8,-1,1,1,1,0.36825680366299995,0.431678128773,0.06342132511000004,0.18659191995245883,0.2171613006925011,0.030569380740042285
01121,7,5,5,-2,-2,2,2,0.36792650804,0.39060394898199996,0.02267744094199997,0.19726369755386242,0.15080720902400013,0.04645648852986228
01122,7,7,6,0,-1,0,1,0.36599815395499996,0.541461456414,0.17546330245900005,0.1877879049815273,0.18542745373099984,0.0023604512505274733
01123,7,6,6,-1,-1,1,1,0.366652286431,0.47155647680599994,0.10490419037499993,0.1861762167790797,0.19537542283350018,0.009199206054420483
01124,7,6,7,-1,0,1,0,0.37385714851999996,0.481765459443,0.10790831092300002,0.1846390375117264,0.21434462725799974,0.029705589746273353
01125,7,8,8,1,1,1,1,0.370415607269,0.737044627955,0.366629020686,0.1850479863650758,0.23871740295150018,0.05366941658642438
01126,7,5,7,-2,0,2,0,0.36170603237,0.350206539484,0.011499492885999996,0.18211202605217325,0.2144096421024998,0.03229761605032655
01127,7,6,5,-1,-2,1,2,0.357543983242,0.425630036033,0.068086052791,0.17994116685670347,0.16150168445650026,0.01843948240020321
01128,7,6,5,-1,-2,1,2,0.35789103038899994,0.439702372007,0.08181134161800008,0.17676938763766947,0.15801205703199986,0.018757330605669614
01129,7,6,7,-1,0,1,0,0.36567759562200003,0.5524599644629999,0.1867823688409999,0.1771163712811703,0.2172373742165,0.04012100293532969
01130,6,5,5,-1,-1,1,1,0.359329112236,0.413214014623,0.053884902387,0.17600935916309068,0.1547026532940001,0.021306705869090586
01131,6,4,7,-2,1,2,1,0.34544267827799996,0.311166821409,0.034275856868999977,0.17394844648526853,0.2209397919270007,0.04699134544173217
01132,6,5,7,-1,1,1,1,0.29655699626800003,0.386693666933,0.09013667066499997,0.17194806437059817,0.21522776649249967,0.04327970212190149
01133,6,5,5,-1,-1,1,1,0.283557780538,0.4204854601160001,0.13692767957800006,0.1665137946347457,0.13956820659749997,0.026945588037245727
01134,6,4,6,-2,0,2,0,0.250915611608,0.379031323124,0.12811571151599999,0.16144000998530905,0.17320098455000027,0.011760974564691218
01135,6,3,7,-3,1,3,1,0.25695250526,0.316837150904,0.05988464564399998,0.15630184149739867,0.1767948968789998,0.020493055381601122
01136,6,4,6,-2,0,2,0,0.256501153501,0.384358889593,0.12785773609200002,0.14619912510621647,0.1918597552064999,0.04566063010028343
01137,6,3,5,-3,-1,3,1,0.24935493089500002,0.261877373807,0.01252244291199997,0.14050950474185653,0.1442555739559997,0.003746069214143166
01138,6,3,5,-3,-1,3,1,0.2422852573,0.296587419426,0.054302162125999975,0.13753255298620948,0.13792763828550042,0.0003950852992909426
01139,6,4,5,-2,-1,2,1,0.23746470154199997,0.382479614574,0.145014913032,0.1311448700090163,0.1356488500894998,0.0045039800804834995
01140,5,4,5,-1,0,1,0,0.235931760818,0.37605670598499996,0.14012494516699997,0.12855203831631812,0.1322309570284998,0.003678918712181678
01141,5,4,4,-1,-1,1,1,0.254886332045,0.3641961902490001,0.10930985820400008,0.1284013334665186,0.12985458819399967,0.0014532547274810625
01142,5,4,4,-1,-1,1,1,0.24727692462900003,0.344077073149,0.09680014851999996,0.12520833583858693,0.12522347986149918,1.5144022912250144e-05
01143,4,3,4,-1,0,1,0,0.23091902559400002,0.237188756178,0.006269730583999988,0.12103901525954353,0.12527124409400028,0.004232228834456758
01144,5,3,4,-2,-1,2,1,0.22109003494299997,0.185211802255,0.03587823268799997,0.11282190535631598,0.12166224531050007,0.008840339954184095
01145,4,3,4,-1,0,1,0,0.16737169330100002,0.182173367494,0.014801674192999992,0.11442202123140177,0.11801638046799973,0.003594359236597955
01146,4,3,5,-1,1,1,1,0.163799783753,0.241778533958,0.077978750205,0.10776765227058993,0.11445739305349988,0.006689740782909945
01147,4,3,4,-1,0,1,0,0.11557391649800001,0.25639896170699994,0.1408250452089999,0.10461443704103646,0.10211788064249994,0.0024965563985365202
01148,4,1,4,-3,0,3,0,0.11808801129499999,0.11133895256,0.006749058734999994,0.09728925622108875,0.0929100446180002,0.004379211603088545
01149,4,1,4,-3,0,3,0,0.12227819196,0.116918553592,0.005359638368000005,0.08619743664191937,0.08932275243100012,0.0031253157890807487
01150,4,3,3,-1,-1,1,1,0.10871615715300001,0.21285496553800004,0.10413880838500003,0.07901813433424998,0.08033198194500023,0.001313847610750249
01151,3,2,3,-1,0,1,0,0.10760516226500001,0.119788073704,0.012182911438999994,0.06831259523686306,0.06481986397650027,0.003492731260362786
01152,3,2,3,-1,0,1,0,0.111398332628,0.12447568500299999,0.01307735237499999,0.06560112911535576,0.06318144591899993,0.0024196831963558263
01153,3,2,3,-1,0,1,0,0.10859941869,0.11197744128099998,0.0033780225909999795,0.060851659015181525,0.06377167430550013,0.0029200152903186005
01154,2,2,2,0,0,0,0,0.121883412755,0.12691733736,0.00503392460499999,0.058212048112089576,0.055989565451000006,0.00222248266108957
01155,2,2,2,0,0,0,0,0.120097800201,0.116798086178,0.003299714023,0.05638020933968324,0.05594409696049965,0.0004361123791835897
01156,2,1,2,-1,0,1,0,0.062678864061,0.06522045592499999,0.0025415918639999924,0.05505256562740346,0.0552821518214999,0.0002295861940964372
01157,2,1,2,-1,0,1,0,0.06314192316600001,0.062093244343999994,0.001048678822000014,0.05022617542793828,0.04943581397450006,0.0007903614534382208
01158,2,2,2,0,0,0,0,0.062510577007,0.09202932789900001,0.029518750892000012,0.04681664862784718,0.048617600870999894,0.0018009522431527147
01159,2,2,3,0,1,0,1,0.05180603949,0.08469856739,0.03289252790000001,0.041461950621082266,0.06048826330814972,0.019026312687067455
01160,2,2,2,0,0,0,0,0.059303530571999996,0.091249532401,0.03194600182900001,0.03587046813455608,0.03784497317749996,0.001974505042943886
01161,2,2,2,0,0,0,0,0.078575869728,0.095474143272,0.016898273544000003,0.03396050619098734,0.03332891362849996,0.0006315925624873764
